legislador,clave,legislador_id,camara,distrito,bloque,bloque_norm,desde,hasta,bloque_linaje,fuente,nota
"BAHL, ADÁN HUMBERTO",ADAN BAHL HUMBERTO,leg:7f75e0b422c2,senado,ENTRE RÍOS,JUSTICIALISTA,JUSTICIALISTA,2025-12-10,2031-12-09,FdT-UxP (kirchnerismo),oficial:nomina_senado,
"BENSUSÁN, DANIEL PABLO",BENSUSAN DANIEL PABLO,leg:4a35b877c3f8,senado,LA PAMPA,JUSTICIALISTA,JUSTICIALISTA,2021-12-10,2027-12-09,FdT-UxP (kirchnerismo),oficial:nomina_senado,
"CAPITANICH, JORGE MILTON",CAPITANICH JORGE MILTON,leg:11127a15ffa6,senado,CHACO,JUSTICIALISTA,JUSTICIALISTA,2025-12-10,2031-12-09,FdT-UxP (kirchnerismo),oficial:nomina_senado,
"CORPACCI, LUCÍA BENIGNA",BENIGNA CORPACCI LUCIA,leg:a84fc3e1b3b3,senado,CATAMARCA,JUSTICIALISTA,JUSTICIALISTA,2021-12-10,2027-12-09,FdT-UxP (kirchnerismo),oficial:nomina_senado,
"DE PEDRO, EDUARDO ENRIQUE",EDUARDO ENRIQUE PEDRO,leg:2041a2857b81,senado,BUENOS AIRES,JUSTICIALISTA,JUSTICIALISTA,2023-12-10,2029-12-09,FdT-UxP (kirchnerismo),oficial:nomina_senado,
"DI TULLIO, JULIANA",JULIANA TULLIO,leg:4a6576cec5b4,senado,BUENOS AIRES,JUSTICIALISTA,JUSTICIALISTA,2023-12-10,2029-12-09,FdT-UxP (kirchnerismo),oficial:nomina_senado,
"FERNÁNDEZ SAGASTI, ANABEL",ANABEL FERNANDEZ SAGASTI,leg:df9b73dc88b2,senado,MENDOZA,JUSTICIALISTA,JUSTICIALISTA,2021-12-10,2027-12-09,FdT-UxP (kirchnerismo),oficial:nomina_senado,
"GIMÉNEZ NAVARRO, MARÍA CELESTE",CELESTE GIMENEZ MARIA NAVARRO,leg:15f4525b4ac5,senado,SAN JUAN,JUSTICIALISTA,JUSTICIALISTA,2023-12-10,2029-12-09,FdT-UxP (kirchnerismo),oficial:nomina_senado,
"GONZÁLEZ, MARÍA TERESA MARGARITA",GONZALEZ MARGARITA MARIA TERESA,leg:83269a4ef00b,senado,FORMOSA,JUSTICIALISTA,JUSTICIALISTA,2023-12-10,2029-12-09,FdT-UxP (kirchnerismo),oficial:nomina_senado,
"KIRCHNER, ALICIA MARGARITA ANTONIA",ALICIA ANTONIA KIRCHNER MARGARITA,leg:c8ca5073abc7,senado,SANTA CRUZ,JUSTICIALISTA,JUSTICIALISTA,2023-12-10,2029-12-09,FdT-UxP (kirchnerismo),oficial:nomina_senado,
"LEWANDOWSKI, MARCELO NÉSTOR",LEWANDOWSKI MARCELO NESTOR,leg:62b367357604,senado,SANTA FE,JUSTICIALISTA,JUSTICIALISTA,2021-12-10,2027-12-09,FdT-UxP (kirchnerismo),oficial:nomina_senado,
"LINARES, CARLOS ALBERTO",ALBERTO CARLOS LINARES,leg:85caace6065d,senado,CHUBUT,JUSTICIALISTA,JUSTICIALISTA,2021-12-10,2027-12-09,FdT-UxP (kirchnerismo),oficial:nomina_senado,
"LÓPEZ, CÁNDIDA CRISTINA",CANDIDA CRISTINA LOPEZ,leg:b4636ff7f44f,senado,"TIERRA DEL FUEGO, ANTÁRTIDA E ISLAS DEL ATLÁNTICO SUR",JUSTICIALISTA,JUSTICIALISTA,2025-12-10,2031-12-09,FdT-UxP (kirchnerismo),oficial:nomina_senado,
"LÓPEZ, MARÍA FLORENCIA",FLORENCIA LOPEZ MARIA,leg:64be11e9c258,senado,LA RIOJA,JUSTICIALISTA,JUSTICIALISTA,2023-12-10,2029-12-09,FdT-UxP (kirchnerismo),oficial:nomina_senado,
"MANZUR, JUAN LUIS",JUAN LUIS MANZUR,leg:04ca1c3ebaf3,senado,TUCUMÁN,JUSTICIALISTA,JUSTICIALISTA,2023-12-09,2029-12-09,FdT-UxP (kirchnerismo),oficial:nomina_senado,
"MARKS, ANA INÉS",ANA INES MARKS,leg:2bdada86d143,senado,RÍO NEGRO,JUSTICIALISTA,JUSTICIALISTA,2025-12-10,2031-12-09,FdT-UxP (kirchnerismo),oficial:nomina_senado,
"MAYANS, JOSÉ MIGUEL ÁNGEL",ANGEL JOSE MAYANS MIGUEL,leg:e6cf1ab5182b,senado,FORMOSA,JUSTICIALISTA,JUSTICIALISTA,2023-12-10,2029-12-09,FdT-UxP (kirchnerismo),oficial:nomina_senado,
"NEDER, JOSÉ EMILIO",EMILIO JOSE NEDER,leg:f5f2b54d00c9,senado,SANTIAGO DEL ESTERO,JUSTICIALISTA,JUSTICIALISTA,2025-12-10,2031-12-09,FdT-UxP (kirchnerismo),oficial:nomina_senado,
"RECALDE, MARIANO",MARIANO RECALDE,leg:5ad083fe9289,senado,CIUDAD AUTÓNOMA DE BUENOS AIRES,JUSTICIALISTA,JUSTICIALISTA,2025-12-10,2031-12-09,FdT-UxP (kirchnerismo),oficial:nomina_senado,
"SORIA, MARTIN IGNACIO",IGNACIO MARTIN SORIA,leg:edddacdc0406,senado,RÍO NEGRO,JUSTICIALISTA,JUSTICIALISTA,2025-12-10,2031-12-09,FdT-UxP (kirchnerismo),oficial:nomina_senado,
"UÑAC, SERGIO MAURICIO",MAURICIO SERGIO UNAC,leg:c27e54fe8879,senado,SAN JUAN,JUSTICIALISTA,JUSTICIALISTA,2023-12-10,2029-12-09,FdT-UxP (kirchnerismo),oficial:nomina_senado,
"ABDALA, BARTOLOMÉ ESTEBAN",ABDALA BARTOLOME ESTEBAN,leg:36271e7001d2,senado,SAN LUIS,LA LIBERTAD AVANZA,LA LIBERTAD AVANZA,2023-12-10,2029-12-09,LA LIBERTAD AVANZA,oficial:nomina_senado,
"ALMEIDA, ROMINA MARÍA",ALMEIDA MARIA ROMINA,leg:d78450c584cb,senado,ENTRE RÍOS,LA LIBERTAD AVANZA,LA LIBERTAD AVANZA,2025-12-10,2031-12-09,LA LIBERTAD AVANZA,oficial:nomina_senado,
"ALVAREZ RIVERO, CARMEN",ALVAREZ CARMEN RIVERO,leg:0451cfd41d79,senado,CÓRDOBA,LA LIBERTAD AVANZA,LA LIBERTAD AVANZA,2021-12-10,2027-12-09,LA LIBERTAD AVANZA,oficial:nomina_senado,
"ARRASCAETA, IVANNA MARCELA",ARRASCAETA IVANNA MARCELA,leg:3310694c39b2,senado,SAN LUIS,LA LIBERTAD AVANZA,LA LIBERTAD AVANZA,2023-12-10,2029-12-09,LA LIBERTAD AVANZA,oficial:nomina_senado,
"ATAUCHE, EZEQUIEL",ATAUCHE EZEQUIEL,leg:e4bcae243e71,senado,JUJUY,LA LIBERTAD AVANZA,LA LIBERTAD AVANZA,2023-12-10,2029-12-09,LA LIBERTAD AVANZA,oficial:nomina_senado,
"BEDIA, VILMA FACUNDA",BEDIA FACUNDA VILMA,leg:25d3a78b8a4b,senado,JUJUY,LA LIBERTAD AVANZA,LA LIBERTAD AVANZA,2023-12-10,2029-12-09,LA LIBERTAD AVANZA,oficial:nomina_senado,
"BENEGAS LYNCH, JOAQUÍN ALBERTO",ALBERTO BENEGAS JOAQUIN LYNCH,leg:6609d7d519f4,senado,ENTRE RÍOS,LA LIBERTAD AVANZA,LA LIBERTAD AVANZA,2025-12-10,2031-12-09,LA LIBERTAD AVANZA,oficial:nomina_senado,
"BULLRICH, PATRICIA",BULLRICH PATRICIA,leg:9fe263c7921e,senado,CIUDAD AUTÓNOMA DE BUENOS AIRES,LA LIBERTAD AVANZA,LA LIBERTAD AVANZA,2025-12-10,2031-12-09,LA LIBERTAD AVANZA,oficial:nomina_senado,
"CERVI, MARIO PABLO",CERVI MARIO PABLO,leg:37435e282f12,senado,NEUQUÉN,LA LIBERTAD AVANZA,LA LIBERTAD AVANZA,2025-12-10,2031-12-09,LA LIBERTAD AVANZA,oficial:nomina_senado,
"COTO, AGUSTÍN PEDRO",AGUSTIN COTO PEDRO,leg:9db028f422d2,senado,"TIERRA DEL FUEGO, ANTÁRTIDA E ISLAS DEL ATLÁNTICO SUR",LA LIBERTAD AVANZA,LA LIBERTAD AVANZA,2025-12-10,2031-12-09,LA LIBERTAD AVANZA,oficial:nomina_senado,
"FULLONE, ENZO PAOLO",ENZO FULLONE PAOLO,leg:e404c02ebda3,senado,RÍO NEGRO,LA LIBERTAD AVANZA,LA LIBERTAD AVANZA,2025-12-26,2031-12-09,LA LIBERTAD AVANZA,oficial:nomina_senado,
"GODOY, JUAN CRUZ",CRUZ GODOY JUAN,leg:d9420a046e86,senado,CHACO,LA LIBERTAD AVANZA,LA LIBERTAD AVANZA,2025-12-10,2031-12-09,LA LIBERTAD AVANZA,oficial:nomina_senado,
"GUZMÁN CORAITA, GONZALO",CORAITA GONZALO GUZMAN,leg:236f29695a54,senado,SALTA,LA LIBERTAD AVANZA,LA LIBERTAD AVANZA,2025-12-10,2031-12-09,LA LIBERTAD AVANZA,oficial:nomina_senado,
"JUEZ, LUIS ALFREDO",ALFREDO JUEZ LUIS,leg:1a3f94202854,senado,CÓRDOBA,LA LIBERTAD AVANZA,LA LIBERTAD AVANZA,2021-12-10,2027-12-09,LA LIBERTAD AVANZA,oficial:nomina_senado,
"MONTE DE OCA, MARÍA BELÉN",BELEN MARIA MONTE OCA,leg:43475430d69a,senado,"TIERRA DEL FUEGO, ANTÁRTIDA E ISLAS DEL ATLÁNTICO SUR",LA LIBERTAD AVANZA,LA LIBERTAD AVANZA,2025-12-10,2031-12-09,LA LIBERTAD AVANZA,oficial:nomina_senado,
"MONTEVERDE, AGUSTÍN ANÍBAL",AGUSTIN ANIBAL MONTEVERDE,leg:b8c98aec9190,senado,CIUDAD AUTÓNOMA DE BUENOS AIRES,LA LIBERTAD AVANZA,LA LIBERTAD AVANZA,2025-12-10,2031-12-09,LA LIBERTAD AVANZA,oficial:nomina_senado,
"MÁRQUEZ, NADIA JUDITH",JUDITH MARQUEZ NADIA,leg:57254b3ceb59,senado,NEUQUÉN,LA LIBERTAD AVANZA,LA LIBERTAD AVANZA,2025-12-10,2031-12-09,LA LIBERTAD AVANZA,oficial:nomina_senado,
"OLIVERA LUCERO, BRUNO ANTONIO",ANTONIO BRUNO LUCERO OLIVERA,leg:f3921145ae39,senado,SAN JUAN,LA LIBERTAD AVANZA,LA LIBERTAD AVANZA,2023-12-10,2029-12-09,LA LIBERTAD AVANZA,oficial:nomina_senado,
"OROZCO, MARÍA EMILIA",EMILIA MARIA OROZCO,leg:13228d18238d,senado,SALTA,LA LIBERTAD AVANZA,LA LIBERTAD AVANZA,2025-12-10,2031-12-09,LA LIBERTAD AVANZA,oficial:nomina_senado,
"PAGOTTO, JUAN CARLOS",CARLOS JUAN PAGOTTO,leg:3f415df39c7d,senado,LA RIOJA,LA LIBERTAD AVANZA,LA LIBERTAD AVANZA,2023-12-10,2029-12-09,LA LIBERTAD AVANZA,oficial:nomina_senado,
"PAOLTRONI, FRANCISCO MANUEL",FRANCISCO MANUEL PAOLTRONI,leg:6febda5739ce,senado,FORMOSA,LA LIBERTAD AVANZA,LA LIBERTAD AVANZA,2023-12-10,2029-12-09,LA LIBERTAD AVANZA,oficial:nomina_senado,
"ANDRADA, GUILLERMO EDUARDO",ANDRADA EDUARDO GUILLERMO,leg:ea15b4b826ff,senado,CATAMARCA,CONVICCIÓN FEDERAL,CONVICCION FEDERAL,2021-12-10,2027-12-09,OTRO / PROVINCIAL,oficial:nomina_senado,
"ARCE, CARLOS OMAR",ARCE CARLOS OMAR,leg:a3741ef50998,senado,MISIONES,ENCUENTRO MISIONERO,ENCUENTRO MISIONERO,2023-12-10,2029-12-09,OTRO / PROVINCIAL,oficial:nomina_senado,
"AVILA, BEATRIZ LUISA",AVILA BEATRIZ LUISA,leg:a9dca751022a,senado,TUCUMÁN,INDEPENDENCIA,INDEPENDENCIA,2021-12-10,2027-12-09,OTRO / PROVINCIAL,oficial:nomina_senado,
"CARAMBIA, JOSÉ MARÍA",CARAMBIA JOSE MARIA,leg:d3ec8dfa762b,senado,SANTA CRUZ,MOVERE SANTA CRUZ,MOVERE SANTA CRUZ,2023-12-10,2029-12-09,OTRO / PROVINCIAL,oficial:nomina_senado,
"CORROZA, JULIETA",CORROZA JULIETA,leg:01bf087bd2b8,senado,NEUQUÉN,LA NEUQUINIDAD,LA NEUQUINIDAD,2025-12-10,2031-12-09,OTRO / PROVINCIAL,oficial:nomina_senado,
"ESPÍNOLA, CARLOS MAURICIO",CARLOS ESPINOLA MAURICIO,leg:0373ca050c72,senado,CORRIENTES,PROVINCIAS UNIDAS,PROVINCIAS UNIDAS,2021-12-10,2027-12-09,OTRO / PROVINCIAL,oficial:nomina_senado,
"GADANO, NATALIA ELENA",ELENA GADANO NATALIA,leg:63f7ffca151b,senado,SANTA CRUZ,MOVERE SANTA CRUZ,MOVERE SANTA CRUZ,2023-12-10,2029-12-09,OTRO / PROVINCIAL,oficial:nomina_senado,
"MENDOZA, SANDRA MARIELA",MARIELA MENDOZA SANDRA,leg:e0198c8fa4b4,senado,TUCUMÁN,CONVICCIÓN FEDERAL,CONVICCION FEDERAL,2021-12-10,2027-12-09,OTRO / PROVINCIAL,oficial:nomina_senado,
"MOISES, MARÍA CAROLINA",CAROLINA MARIA MOISES,leg:690897355ef6,senado,JUJUY,CONVICCIÓN FEDERAL,CONVICCION FEDERAL,2023-12-10,2029-12-09,OTRO / PROVINCIAL,oficial:nomina_senado,
"MORENO, ELIA ESTHER DEL CARMEN",CARMEN ELIA ESTHER MORENO,leg:01b22a551f11,senado,SANTIAGO DEL ESTERO,FRENTE CÍVICO POR SANTIAGO,FRENTE CIVICO POR SANTIAGO,2025-12-10,2031-12-09,OTRO / PROVINCIAL,oficial:nomina_senado,
"REJAL, JESÚS FERNANDO",FERNANDO JESUS REJAL,leg:21535318383d,senado,LA RIOJA,JUSTICIA SOCIAL FEDERAL,JUSTICIA SOCIAL FEDERAL,2023-12-10,2029-12-09,OTRO / PROVINCIAL,oficial:nomina_senado,
"ROJAS DECUT, SONIA ELIZABETH",DECUT ELIZABETH ROJAS SONIA,leg:05e9c478c149,senado,MISIONES,ENCUENTRO MISIONERO,ENCUENTRO MISIONERO,2023-12-10,2029-12-09,OTRO / PROVINCIAL,oficial:nomina_senado,
"ROYON, FLAVIA GABRIELA",FLAVIA GABRIELA ROYON,leg:c4eabf6d9ca4,senado,SALTA,PRIMERO LOS SALTEÑOS,PRIMERO LOS SALTENOS,2025-12-10,2031-12-09,OTRO / PROVINCIAL,oficial:nomina_senado,
"SALINO, FERNANDO ALDO",ALDO FERNANDO SALINO,leg:f789b602c96a,senado,SAN LUIS,JUSTICIA SOCIAL FEDERAL,JUSTICIA SOCIAL FEDERAL,2023-12-10,2029-12-09,OTRO / PROVINCIAL,oficial:nomina_senado,
"TERENZI, EDITH ELIZABETH",EDITH ELIZABETH TERENZI,leg:9d0fbaf84ec8,senado,CHUBUT,DESPIERTA CHUBUT,DESPIERTA CHUBUT,2021-12-10,2027-12-09,OTRO / PROVINCIAL,oficial:nomina_senado,
"VIGO, ALEJANDRA MARÍA",ALEJANDRA MARIA VIGO,leg:846e16690071,senado,CÓRDOBA,PROVINCIAS UNIDAS,PROVINCIAS UNIDAS,2021-12-10,2027-12-09,OTRO / PROVINCIAL,oficial:nomina_senado,
"ZAMORA, GERARDO",GERARDO ZAMORA,leg:81de01cf201a,senado,SANTIAGO DEL ESTERO,FRENTE CÍVICO POR SANTIAGO,FRENTE CIVICO POR SANTIAGO,2025-12-10,2031-12-09,OTRO / PROVINCIAL,oficial:nomina_senado,
"CRISTINA, ANDREA MARCELA",ANDREA CRISTINA MARCELA,leg:7f6b12f26249,senado,CHUBUT,FRENTE PRO,FRENTE PRO,2021-12-10,2027-12-09,PRO,oficial:nomina_senado,
"GOERLING LARA, ENRIQUE MARTÍN",ENRIQUE GOERLING LARA MARTIN,leg:09d195a72b1d,senado,MISIONES,FRENTE PRO,FRENTE PRO,2023-12-10,2029-12-09,PRO,oficial:nomina_senado,
"HUALA, MARÍA VICTORIA",HUALA MARIA VICTORIA,leg:d7472254e20c,senado,LA PAMPA,FRENTE PRO,FRENTE PRO,2021-12-10,2027-12-09,PRO,oficial:nomina_senado,
"ABAD, MAXIMILIANO",ABAD MAXIMILIANO,leg:3d537dc379b2,senado,BUENOS AIRES,UCR - UNIÓN CÍVICA RADICAL,UCR,2023-12-10,2029-12-09,RADICALISMO,oficial:nomina_senado,
"FAMA, FLAVIO SERGIO",FAMA FLAVIO SERGIO,leg:b6e1a0196e3f,senado,CATAMARCA,UCR - UNIÓN CÍVICA RADICAL,UCR,2021-12-10,2027-12-09,RADICALISMO,oficial:nomina_senado,
"GALARETTO, EDUARDO HORACIO",EDUARDO GALARETTO HORACIO,leg:59a42ce5f8b2,senado,SANTA FE,UCR - UNIÓN CÍVICA RADICAL,UCR,2021-12-10,2027-12-09,RADICALISMO,oficial:nomina_senado,
"JURI, MARIANA",JURI MARIANA,leg:e4d7e929922b,senado,MENDOZA,UCR - UNIÓN CÍVICA RADICAL,UCR,2021-12-10,2027-12-09,RADICALISMO,oficial:nomina_senado,
"KRONEBERGER, DANIEL RICARDO",DANIEL KRONEBERGER RICARDO,leg:a53919a39d11,senado,LA PAMPA,UCR - UNIÓN CÍVICA RADICAL,UCR,2021-12-10,2027-12-09,RADICALISMO,oficial:nomina_senado,
"LOSADA, CAROLINA",CAROLINA LOSADA,leg:485609c6ca41,senado,SANTA FE,UCR - UNIÓN CÍVICA RADICAL,UCR,2021-12-10,2027-12-09,RADICALISMO,oficial:nomina_senado,
"SCHNEIDER, SILVANA LORENA",LORENA SCHNEIDER SILVANA,leg:2d740e1e4ba0,senado,CHACO,UCR - UNIÓN CÍVICA RADICAL,UCR,2025-12-10,2031-12-09,RADICALISMO,oficial:nomina_senado,
"SUÁREZ, RODOLFO ALEJANDRO",ALEJANDRO RODOLFO SUAREZ,leg:cb62881c7682,senado,MENDOZA,UCR - UNIÓN CÍVICA RADICAL,UCR,2023-12-10,2029-12-09,RADICALISMO,oficial:nomina_senado,
"VALENZUELA, MERCEDES GABRIELA",GABRIELA MERCEDES VALENZUELA,leg:ba4c6561e5e4,senado,CORRIENTES,UCR - UNIÓN CÍVICA RADICAL,UCR,2021-12-10,2027-12-09,RADICALISMO,oficial:nomina_senado,
"VISCHI, EDUARDO ALEJANDRO",ALEJANDRO EDUARDO VISCHI,leg:4e01233d484a,senado,CORRIENTES,UCR - UNIÓN CÍVICA RADICAL,UCR,2021-12-10,2027-12-09,RADICALISMO,oficial:nomina_senado,
