fila,acta_id,etiqueta,nota
1,senado:283,OTRA,"Temas Varios: votación conjunta de varios expedientes"
2,decada_votada:sen:1873,GENERAL,
3,ckan_diputados:3693,PARTICULAR,
4,decada_votada:dip:902,MOCION,
5,senado:195,OTRA,
6,senado:463,PARTICULAR,
7,decada_votada:sen:1338,OTRA,proyecto de resolución
8,argentinadatos:senado:2788,OTRA,
9,argentinadatos:senado:2651,OTRA,
10,decada_votada:sen:1784,MOCION,
11,argentinadatos:diputados:5121,PARTICULAR,
12,senado:1285,OTRA,
13,senado:2373,OTRA,
14,decada_votada:sen:11,PARTICULAR,
15,argentinadatos:diputados:91,GENERAL,"única votación de esa ley en el contexto, sin marca"
16,ckan_diputados:240,GENERAL,
17,argentinadatos:diputados:5569,MOCION,
18,senado:28,PARTICULAR,
19,decada_votada:sen:714,PARTICULAR,
20,decada_votada:sen:1103,GENERAL,
21,senado:1337,GENERAL,"marca [EN PARTICULAR] sin artículos, único voto del proyecto"
22,decada_votada:dip:909,PARTICULAR,
23,decada_votada:dip:253,MOCION,
24,decada_votada:dip:345,MOCION,
25,decada_votada:sen:1976,GENERAL,
26,argentinadatos:diputados:302,GENERAL,
27,senado:332,INDETERMINABLE,"título sin marca junto a un [EN GENERAL] y particulares del mismo OD"
28,senado:171,PARTICULAR,
29,ckan_diputados:3816,MOCION,
30,decada_votada:sen:1836,GENERAL,
31,senado:513,OTRA,
32,argentinadatos:senado:2632,PARTICULAR,
33,ckan_diputados:3142,MOCION,
34,senado:255,INDETERMINABLE,título casi todo tapado
35,decada_votada:sen:1679,OTRA,"dos proyectos en una sola votación"
36,ckan_diputados:3866,MOCION,"«Tratamiento» de expedientes varios, se lee como moción"
37,senado:189,MOCION,
38,senado:110,PARTICULAR,"[EN PARTICULAR] junto a otro voto del mismo OD"
39,senado:1292,MOCION,
40,senado:1276,OTRA,"dos tratados en una votación"
41,senado:2402,GENERAL,"marca [EN PARTICULAR] sin artículos, único voto del proyecto"
42,decada_votada:sen:1526,MOCION,
43,senado:73,PARTICULAR,
44,decada_votada:dip:73,OTRA,
45,senado:1220,GENERAL,"marca [EN PARTICULAR] sin artículos, único voto del proyecto"
46,ckan_diputados:3858,PARTICULAR,
47,decada_votada:sen:1542,MOCION,
48,decada_votada:dip:48,OTRA,
49,decada_votada:dip:144,PARTICULAR,
50,ckan_diputados:150,PARTICULAR,
51,decada_votada:sen:545,PARTICULAR,
52,senado:13,GENERAL,"marca [EN PARTICULAR] sin artículos, único voto del proyecto"
53,senado:1327,OTRA,
54,senado:344,PARTICULAR,"[EN PARTICULAR] sin artículos; probablemente arts. 30-31"
55,senado:247,INDETERMINABLE,título casi todo tapado
56,argentinadatos:senado:2798,INDETERMINABLE,cinco títulos idénticos
57,decada_votada:sen:506,OTRA,"votación en particular de una resolución (suspensión de juez)"
58,senado:444,MOCION,
59,ckan_diputados:3330,MOCION,
60,decada_votada:sen:1824,INDETERMINABLE,siete títulos idénticos
61,senado:191,INDETERMINABLE,título casi todo tapado
62,argentinadatos:senado:2559,OTRA,
63,decada_votada:sen:666,PARTICULAR,
64,decada_votada:sen:1866,INDETERMINABLE,tres títulos idénticos
65,ckan_diputados:2184,PARTICULAR,
66,senado:185,PARTICULAR,
67,decada_votada:sen:1887,OTRA,
68,argentinadatos:diputados:2790,MOCION,
69,decada_votada:dip:672,OTRA,"varios expedientes en una votación en general"
70,senado:196,GENERAL,
71,senado:79,PARTICULAR,
72,decada_votada:dip:491,MOCION,"reserva de diploma y giro a comisión"
73,senado:66,OTRA,Temas Varios: dos OD juntos
74,senado:1256,GENERAL,"marca [EN PARTICULAR] sin artículos, único voto del proyecto"
75,decada_votada:sen:496,OTRA,
76,argentinadatos:diputados:2812,MOCION,
77,argentinadatos:diputados:3483,MOCION,
78,senado:1249,OTRA,varios OD en una votación
79,decada_votada:sen:1822,INDETERMINABLE,siete títulos idénticos
80,decada_votada:sen:297,GENERAL,
81,senado:1182,OTRA,"dos leyes en un mismo título"
82,decada_votada:sen:1885,GENERAL,
83,ckan_diputados:3915,MOCION,
84,decada_votada:sen:1237,GENERAL,
85,argentinadatos:diputados:5595,MOCION,
86,decada_votada:dip:872,OTRA,
87,argentinadatos:diputados:3356,INDETERMINABLE,"título sin marca junto a una general y dos art. 1º"
88,decada_votada:dip:951,GENERAL,
89,ckan_diputados:284,GENERAL,"«Votación» sin más, único voto del expediente"
90,ckan_diputados:17,GENERAL,
91,senado:2413,GENERAL,"marca [EN PARTICULAR] sin artículos, único voto del proyecto"
92,senado:95,PARTICULAR,
93,senado:1368,GENERAL,"marca [EN PARTICULAR] sin artículos, único voto del proyecto"
94,argentinadatos:diputados:5172,PARTICULAR,
95,decada_votada:sen:408,PARTICULAR,
96,argentinadatos:senado:2643,PARTICULAR,
97,decada_votada:sen:783,GENERAL,
98,senado:41,PARTICULAR,
99,argentinadatos:diputados:5234,MOCION,
100,decada_votada:sen:486,PARTICULAR,
101,decada_votada:sen:354,PARTICULAR,
102,ckan_diputados:3896,INDETERMINABLE,"tres títulos sin marca junto a la general y artículos del mismo OD"
103,argentinadatos:senado:2546,MOCION,
104,decada_votada:sen:1889,GENERAL,
105,senado:2399,OTRA,
106,decada_votada:dip:1002,PARTICULAR,
107,argentinadatos:senado:2767,OTRA,
108,argentinadatos:diputados:5481,MOCION,
109,argentinadatos:senado:2801,OTRA,
110,decada_votada:sen:1942,OTRA,
111,decada_votada:sen:310,PARTICULAR,
112,argentinadatos:diputados:5258,MOCION,
113,senado:1255,GENERAL,"marca [EN PARTICULAR] sin artículos, único voto del proyecto"
114,argentinadatos:senado:2689,OTRA,
115,argentinadatos:diputados:2813,MOCION,
116,decada_votada:sen:1742,OTRA,
117,senado:56,PARTICULAR,"[EN PARTICULAR] sin artículos, hay un [EN GENERAL] aparte"
118,argentinadatos:senado:2797,INDETERMINABLE,cinco títulos idénticos
119,ckan_diputados:88,GENERAL,
120,argentinadatos:diputados:2582,PARTICULAR,
121,argentinadatos:diputados:5331,MOCION,
122,ckan_diputados:3777,MOCION,
123,decada_votada:sen:405,PARTICULAR,
124,argentinadatos:diputados:5657,PARTICULAR,
125,ckan_diputados:3783,MOCION,
126,argentinadatos:diputados:72,GENERAL,
127,senado:11,PARTICULAR,"[EN PARTICULAR] sin artículos, hay un [EN GENERAL] aparte"
128,ckan_diputados:3784,MOCION,
129,ckan_diputados:3788,MOCION,
130,argentinadatos:diputados:2578,GENERAL,
131,ckan_diputados:3055,PARTICULAR,
132,decada_votada:dip:925,PARTICULAR,
133,senado:149,PARTICULAR,
134,argentinadatos:diputados:2810,MOCION,
135,senado:83,GENERAL,"título casi tapado; sólo se lee EN GENERAL Y EN PARTICULAR"
136,ckan_diputados:3325,OTRA,
137,ckan_diputados:337,OTRA,
138,decada_votada:sen:1494,GENERAL,
139,ckan_diputados:393,GENERAL,
140,argentinadatos:diputados:240,GENERAL,
141,decada_votada:dip:658,GENERAL,
142,argentinadatos:diputados:5745,MOCION,
143,argentinadatos:senado:2530,MOCION,
144,senado:141,PARTICULAR,
145,argentinadatos:senado:2731,GENERAL,"«Temas Varios» con un solo proyecto y un solo voto"
146,argentinadatos:diputados:1949,GENERAL,
147,decada_votada:dip:7,PARTICULAR,"moción para incorporar un artículo nuevo"
148,decada_votada:sen:1924,GENERAL,
149,decada_votada:sen:1062,OTRA,
150,senado:207,PARTICULAR,
151,argentinadatos:diputados:5737,OTRA,
152,senado:1329,OTRA,"rechazo de cuenta de inversión, se lee como resolución"
153,argentinadatos:diputados:3002,OTRA,
154,senado:2425,OTRA,"dos OD en una votación"
155,decada_votada:sen:1707,PARTICULAR,
156,argentinadatos:diputados:2014,MOCION,
157,ckan_diputados:3779,MOCION,
158,senado:2401,GENERAL,"marca [EN PARTICULAR] sin artículos, único voto del proyecto"
159,ckan_diputados:2187,PARTICULAR,
160,senado:1306,OTRA,
161,decada_votada:sen:1290,MOCION,
162,senado:102,OTRA,
163,senado:1177,GENERAL,"marca [EN PARTICULAR] sin artículos, único voto del proyecto"
164,decada_votada:sen:1045,PARTICULAR,
165,decada_votada:sen:1003,MOCION,
166,argentinadatos:senado:2565,OTRA,
167,senado:432,PARTICULAR,"[EN PARTICULAR] junto a otro voto del mismo OD"
168,decada_votada:dip:696,GENERAL,
169,senado:430,OTRA,
170,argentinadatos:diputados:2996,PARTICULAR,
171,decada_votada:sen:43,PARTICULAR,
172,argentinadatos:diputados:3476,MOCION,
173,ckan_diputados:3726,MOCION,
174,decada_votada:dip:97,PARTICULAR,
175,decada_votada:sen:31,PARTICULAR,
176,decada_votada:dip:828,MOCION,
177,manual_2026:diputados:acuerdo_ue_mercosur,GENERAL,"sin fecha ni contexto; se toma como único voto"
178,ckan_diputados:321,PARTICULAR,
179,decada_votada:dip:600,GENERAL,
180,ckan_diputados:3054,PARTICULAR,
181,argentinadatos:diputados:5970,MOCION,
182,senado:8,GENERAL,"marca [EN PARTICULAR] sin artículos, único voto del proyecto"
183,senado:54,PARTICULAR,"[EN PARTICULAR] sin artículos, hay un [EN GENERAL] aparte"
184,decada_votada:dip:738,MOCION,
185,decada_votada:dip:123,GENERAL,
186,decada_votada:sen:1019,OTRA,
187,argentinadatos:diputados:4813,MOCION,
188,decada_votada:sen:1753,OTRA,"varios proyectos de juzgados en un título"
189,decada_votada:sen:440,MOCION,
190,decada_votada:dip:1122,GENERAL,
191,ckan_diputados:3768,MOCION,
192,argentinadatos:senado:2804,OTRA,
193,ckan_diputados:3123,GENERAL,
194,ckan_diputados:3774,MOCION,
195,decada_votada:dip:47,OTRA,
196,manual_2026:diputados:ley_inocencia_fiscal,GENERAL,"sin fecha ni contexto; se toma como único voto"
197,argentinadatos:senado:2581,MOCION,
198,senado:1273,OTRA,
199,decada_votada:sen:1898,GENERAL,
200,decada_votada:sen:83,GENERAL,"sólo dice OD y «en general y en particular», sin el asunto"
201,ckan_diputados:3776,MOCION,
202,decada_votada:sen:1525,GENERAL,
203,senado:1323,GENERAL,"marca [EN PARTICULAR] sin artículos, único voto del proyecto"
204,senado:1257,GENERAL,"marca [EN PARTICULAR] sin artículos, único voto del proyecto"
205,decada_votada:sen:642,OTRA,
206,argentinadatos:senado:2485,OTRA,
207,decada_votada:sen:886,OTRA,
208,decada_votada:dip:248,MOCION,
209,ckan_diputados:117,OTRA,
210,senado:413,GENERAL,
211,argentinadatos:diputados:2525,GENERAL,
212,senado:345,PARTICULAR,"[EN PARTICULAR] sin artículos, hay un [EN GENERAL] aparte"
213,senado:1017,GENERAL,
214,senado:465,PARTICULAR,
215,decada_votada:sen:371,PARTICULAR,
216,decada_votada:dip:84,OTRA,
217,decada_votada:sen:1817,MOCION,
218,ckan_diputados:283,OTRA,
219,decada_votada:dip:564,GENERAL,
220,argentinadatos:senado:2757,GENERAL,"«Temas Varios» con un solo proyecto y un solo voto"
221,decada_votada:dip:44,OTRA,
222,ckan_diputados:173,GENERAL,
223,senado:752,PARTICULAR,"[EN PARTICULAR] sin artículos, hay un [EN GENERAL] aparte"
224,decada_votada:dip:847,OTRA,
225,decada_votada:dip:91,MOCION,
226,decada_votada:dip:675,MOCION,
227,decada_votada:sen:809,GENERAL,
228,decada_votada:dip:968,OTRA,
229,argentinadatos:diputados:5265,PARTICULAR,
230,argentinadatos:senado:2563,GENERAL,
231,argentinadatos:diputados:5196,PARTICULAR,
232,argentinadatos:diputados:2569,GENERAL,
233,argentinadatos:senado:2582,OTRA,
234,argentinadatos:senado:2725,GENERAL,"«Temas Varios» con un solo proyecto y un solo voto"
235,senado:260,INDETERMINABLE,título casi todo tapado
236,argentinadatos:diputados:3377,GENERAL,
237,argentinadatos:senado:2595,MOCION,
238,argentinadatos:diputados:2620,PARTICULAR,
239,senado:1248,OTRA,
240,senado:174,PARTICULAR,
241,senado:2378,OTRA,
242,senado:109,GENERAL,
243,argentinadatos:senado:2639,PARTICULAR,
244,decada_votada:sen:604,PARTICULAR,
245,decada_votada:dip:683,OTRA,
246,decada_votada:sen:1473,GENERAL,"votación en general y particular del dictamen de minoría"
247,ckan_diputados:474,MOCION,
248,decada_votada:sen:778,PARTICULAR,
249,ckan_diputados:3801,GENERAL,
250,decada_votada:dip:941,GENERAL,
251,argentinadatos:diputados:2809,MOCION,
252,ckan_diputados:205,PARTICULAR,
253,decada_votada:dip:906,PARTICULAR,
254,ckan_diputados:471,OTRA,
255,senado:1309,GENERAL,"marca [EN PARTICULAR] sin artículos, único voto del proyecto"
256,decada_votada:sen:195,GENERAL,
257,ckan_diputados:1849,GENERAL,
258,decada_votada:sen:399,GENERAL,
259,decada_votada:dip:506,GENERAL,
260,argentinadatos:diputados:2594,PARTICULAR,
