fila,acta_id,clase,subtipo,inferido,fuente,N_celda,n_celda,peso
1,senado:283,OTRA,conjunto,False,senado,102,5,20.4
2,decada_votada:sen:1873,GENERAL,unica_sin_marca,True,decada_votada,223,10,22.3
3,ckan_diputados:3693,PARTICULAR,particular,False,ckan_diputados,313,9,34.77777777777778
4,decada_votada:dip:902,MOCION,procedimiento,False,decada_votada,139,17,8.176470588235293
5,senado:195,OTRA,conjunto,False,senado,102,5,20.4
6,senado:463,PARTICULAR,particular,False,senado,180,13,13.846153846153847
7,decada_votada:sen:1338,OTRA,decreto,False,decada_votada,44,3,14.666666666666666
8,argentinadatos:senado:2788,OTRA,decreto,False,argentinadatos,11,2,5.5
9,argentinadatos:senado:2651,OTRA,interno,False,argentinadatos,3,1,3.0
10,decada_votada:sen:1784,MOCION,procedimiento,False,decada_votada,139,17,8.176470588235293
11,argentinadatos:diputados:5121,PARTICULAR,particular,False,argentinadatos,432,12,36.0
12,senado:1285,OTRA,decreto,False,senado,10,1,10.0
13,senado:2373,OTRA,acuerdo_pliego,False,senado,49,4,12.25
14,decada_votada:sen:11,PARTICULAR,particular,False,decada_votada,867,23,37.69565217391305
15,argentinadatos:diputados:91,GENERAL,unica_sin_marca,True,argentinadatos,183,8,22.875
16,ckan_diputados:240,GENERAL,unica_sin_marca,True,ckan_diputados,49,3,16.333333333333332
17,argentinadatos:diputados:5569,MOCION,procedimiento,False,argentinadatos,175,21,8.333333333333334
18,senado:28,PARTICULAR,particular,False,senado,180,13,13.846153846153847
19,decada_votada:sen:714,PARTICULAR,particular,False,decada_votada,867,23,37.69565217391305
20,decada_votada:sen:1103,GENERAL,general_y_particular,False,decada_votada,1126,11,102.36363636363636
21,senado:1337,GENERAL,senado_votacion_unica,True,senado,332,20,16.6
22,decada_votada:dip:909,PARTICULAR,particular,False,decada_votada,867,23,37.69565217391305
23,decada_votada:dip:253,MOCION,procedimiento,False,decada_votada,139,17,8.176470588235293
24,decada_votada:dip:345,MOCION,procedimiento,False,decada_votada,139,17,8.176470588235293
25,decada_votada:sen:1976,GENERAL,unica_sin_marca,True,decada_votada,223,10,22.3
26,argentinadatos:diputados:302,GENERAL,unica_sin_marca,True,argentinadatos,183,8,22.875
27,senado:332,OTRA,repetida_sin_marca,True,senado,5,1,5.0
28,senado:171,PARTICULAR,particular,False,senado,180,13,13.846153846153847
29,ckan_diputados:3816,MOCION,procedimiento,False,ckan_diputados,108,14,7.714285714285714
30,decada_votada:sen:1836,GENERAL,unica_sin_marca,True,decada_votada,223,10,22.3
31,senado:513,GENERAL,senado_votacion_unica,True,senado,332,20,16.6
32,argentinadatos:senado:2632,PARTICULAR,particular,False,argentinadatos,432,12,36.0
33,ckan_diputados:3142,MOCION,procedimiento,False,ckan_diputados,108,14,7.714285714285714
34,senado:255,OTRA,sin_titulo,False,senado,5,4,1.25
35,decada_votada:sen:1679,GENERAL,general_y_particular,False,decada_votada,1126,11,102.36363636363636
36,ckan_diputados:3866,OTRA,conjunto,False,ckan_diputados,12,2,6.0
37,senado:189,MOCION,procedimiento,False,senado,3,3,1.0
38,senado:110,PARTICULAR,senado_particular_tras_general,True,senado,11,8,1.375
39,senado:1292,MOCION,procedimiento,False,senado,3,3,1.0
40,senado:1276,GENERAL,senado_votacion_unica,True,senado,332,20,16.6
41,senado:2402,GENERAL,senado_votacion_unica,True,senado,332,20,16.6
42,decada_votada:sen:1526,MOCION,procedimiento,False,decada_votada,139,17,8.176470588235293
43,senado:73,PARTICULAR,particular,False,senado,180,13,13.846153846153847
44,decada_votada:dip:73,OTRA,insistencia,False,decada_votada,29,3,9.666666666666666
45,senado:1220,GENERAL,senado_votacion_unica,True,senado,332,20,16.6
46,ckan_diputados:3858,PARTICULAR,particular,False,ckan_diputados,313,9,34.77777777777778
47,decada_votada:sen:1542,MOCION,procedimiento,False,decada_votada,139,17,8.176470588235293
48,decada_votada:dip:48,OTRA,juicio_desafuero,False,decada_votada,20,4,5.0
49,decada_votada:dip:144,PARTICULAR,particular,False,decada_votada,867,23,37.69565217391305
50,ckan_diputados:150,PARTICULAR,particular,False,ckan_diputados,313,9,34.77777777777778
51,decada_votada:sen:545,PARTICULAR,particular,False,decada_votada,867,23,37.69565217391305
52,senado:13,GENERAL,senado_votacion_unica,True,senado,332,20,16.6
53,senado:1327,GENERAL,senado_votacion_unica,True,senado,332,20,16.6
54,senado:344,PARTICULAR,senado_particular_tras_general,True,senado,11,8,1.375
55,senado:247,OTRA,sin_titulo,False,senado,5,4,1.25
56,argentinadatos:senado:2798,OTRA,repetida_sin_marca,True,argentinadatos,15,2,7.5
57,decada_votada:sen:506,PARTICULAR,particular,False,decada_votada,867,23,37.69565217391305
58,senado:444,MOCION,procedimiento,False,senado,3,3,1.0
59,ckan_diputados:3330,MOCION,procedimiento,False,ckan_diputados,108,14,7.714285714285714
60,decada_votada:sen:1824,OTRA,repetida_sin_marca,True,decada_votada,32,3,10.666666666666666
61,senado:191,OTRA,sin_titulo,False,senado,5,4,1.25
62,argentinadatos:senado:2559,OTRA,insistencia,False,argentinadatos,19,3,6.333333333333333
63,decada_votada:sen:666,PARTICULAR,particular,False,decada_votada,867,23,37.69565217391305
64,decada_votada:sen:1866,OTRA,repetida_sin_marca,True,decada_votada,32,3,10.666666666666666
65,ckan_diputados:2184,PARTICULAR,particular,False,ckan_diputados,313,9,34.77777777777778
66,senado:185,PARTICULAR,particular,False,senado,180,13,13.846153846153847
67,decada_votada:sen:1887,OTRA,acuerdo_pliego,False,decada_votada,62,4,15.5
68,argentinadatos:diputados:2790,MOCION,procedimiento,False,argentinadatos,175,21,8.333333333333334
69,decada_votada:dip:672,GENERAL,general,False,decada_votada,550,8,68.75
70,senado:196,GENERAL,senado_tag_general,False,senado,30,4,7.5
71,senado:79,PARTICULAR,particular,False,senado,180,13,13.846153846153847
72,decada_votada:dip:491,MOCION,procedimiento,False,decada_votada,139,17,8.176470588235293
73,senado:66,OTRA,conjunto,False,senado,102,5,20.4
74,senado:1256,GENERAL,senado_votacion_unica,True,senado,332,20,16.6
75,decada_votada:sen:496,OTRA,acuerdo_pliego,False,decada_votada,62,4,15.5
76,argentinadatos:diputados:2812,MOCION,procedimiento,False,argentinadatos,175,21,8.333333333333334
77,argentinadatos:diputados:3483,MOCION,procedimiento,False,argentinadatos,175,21,8.333333333333334
78,senado:1249,GENERAL,senado_votacion_unica,True,senado,332,20,16.6
79,decada_votada:sen:1822,OTRA,repetida_sin_marca,True,decada_votada,32,3,10.666666666666666
80,decada_votada:sen:297,GENERAL,general_y_particular,False,decada_votada,1126,11,102.36363636363636
81,senado:1182,GENERAL,unica_sin_marca,True,senado,7,1,7.0
82,decada_votada:sen:1885,GENERAL,unica_sin_marca,True,decada_votada,223,10,22.3
83,ckan_diputados:3915,MOCION,procedimiento,False,ckan_diputados,108,14,7.714285714285714
84,decada_votada:sen:1237,GENERAL,general_y_particular,False,decada_votada,1126,11,102.36363636363636
85,argentinadatos:diputados:5595,MOCION,procedimiento,False,argentinadatos,175,21,8.333333333333334
86,decada_votada:dip:872,OTRA,insistencia,False,decada_votada,29,3,9.666666666666666
87,argentinadatos:diputados:3356,GENERAL,unica_sin_marca,True,argentinadatos,183,8,22.875
88,decada_votada:dip:951,GENERAL,general,False,decada_votada,550,8,68.75
89,ckan_diputados:284,GENERAL,unica_sin_marca,True,ckan_diputados,49,3,16.333333333333332
90,ckan_diputados:17,GENERAL,general_y_particular,False,ckan_diputados,356,4,89.0
91,senado:2413,GENERAL,senado_votacion_unica,True,senado,332,20,16.6
92,senado:95,PARTICULAR,particular,False,senado,180,13,13.846153846153847
93,senado:1368,GENERAL,senado_votacion_unica,True,senado,332,20,16.6
94,argentinadatos:diputados:5172,PARTICULAR,particular,False,argentinadatos,432,12,36.0
95,decada_votada:sen:408,PARTICULAR,particular,False,decada_votada,867,23,37.69565217391305
96,argentinadatos:senado:2643,PARTICULAR,particular,False,argentinadatos,432,12,36.0
97,decada_votada:sen:783,GENERAL,general_y_particular,False,decada_votada,1126,11,102.36363636363636
98,senado:41,PARTICULAR,particular,False,senado,180,13,13.846153846153847
99,argentinadatos:diputados:5234,MOCION,procedimiento,False,argentinadatos,175,21,8.333333333333334
100,decada_votada:sen:486,PARTICULAR,particular,False,decada_votada,867,23,37.69565217391305
101,decada_votada:sen:354,PARTICULAR,particular,False,decada_votada,867,23,37.69565217391305
102,ckan_diputados:3896,OTRA,repetida_sin_marca,True,ckan_diputados,3,1,3.0
103,argentinadatos:senado:2546,MOCION,procedimiento,False,argentinadatos,175,21,8.333333333333334
104,decada_votada:sen:1889,GENERAL,unica_sin_marca,True,decada_votada,223,10,22.3
105,senado:2399,OTRA,interno,False,senado,1,1,1.0
106,decada_votada:dip:1002,PARTICULAR,particular,False,decada_votada,867,23,37.69565217391305
107,argentinadatos:senado:2767,OTRA,acuerdo_pliego,False,argentinadatos,29,2,14.5
108,argentinadatos:diputados:5481,MOCION,procedimiento,False,argentinadatos,175,21,8.333333333333334
109,argentinadatos:senado:2801,OTRA,acuerdo_pliego,False,argentinadatos,29,2,14.5
110,decada_votada:sen:1942,OTRA,acuerdo_pliego,False,decada_votada,62,4,15.5
111,decada_votada:sen:310,PARTICULAR,particular,False,decada_votada,867,23,37.69565217391305
112,argentinadatos:diputados:5258,MOCION,procedimiento,False,argentinadatos,175,21,8.333333333333334
113,senado:1255,GENERAL,senado_votacion_unica,True,senado,332,20,16.6
114,argentinadatos:senado:2689,OTRA,resolucion_declaracion,False,argentinadatos,6,1,6.0
115,argentinadatos:diputados:2813,MOCION,procedimiento,False,argentinadatos,175,21,8.333333333333334
116,decada_votada:sen:1742,OTRA,acuerdo_pliego,False,decada_votada,62,4,15.5
117,senado:56,PARTICULAR,senado_particular_tras_general,True,senado,11,8,1.375
118,argentinadatos:senado:2797,OTRA,repetida_sin_marca,True,argentinadatos,15,2,7.5
119,ckan_diputados:88,GENERAL,general_y_particular,False,ckan_diputados,356,4,89.0
120,argentinadatos:diputados:2582,PARTICULAR,particular,False,argentinadatos,432,12,36.0
121,argentinadatos:diputados:5331,MOCION,procedimiento,False,argentinadatos,175,21,8.333333333333334
122,ckan_diputados:3777,MOCION,procedimiento,False,ckan_diputados,108,14,7.714285714285714
123,decada_votada:sen:405,PARTICULAR,particular,False,decada_votada,867,23,37.69565217391305
124,argentinadatos:diputados:5657,PARTICULAR,particular,False,argentinadatos,432,12,36.0
125,ckan_diputados:3783,MOCION,procedimiento,False,ckan_diputados,108,14,7.714285714285714
126,argentinadatos:diputados:72,GENERAL,unica_sin_marca,True,argentinadatos,183,8,22.875
127,senado:11,PARTICULAR,senado_particular_tras_general,True,senado,11,8,1.375
128,ckan_diputados:3784,MOCION,procedimiento,False,ckan_diputados,108,14,7.714285714285714
129,ckan_diputados:3788,MOCION,procedimiento,False,ckan_diputados,108,14,7.714285714285714
130,argentinadatos:diputados:2578,GENERAL,general,False,argentinadatos,110,3,36.666666666666664
131,ckan_diputados:3055,PARTICULAR,particular,False,ckan_diputados,313,9,34.77777777777778
132,decada_votada:dip:925,PARTICULAR,particular,False,decada_votada,867,23,37.69565217391305
133,senado:149,PARTICULAR,particular,False,senado,180,13,13.846153846153847
134,argentinadatos:diputados:2810,MOCION,procedimiento,False,argentinadatos,175,21,8.333333333333334
135,senado:83,GENERAL,general_y_particular,False,senado,6,1,6.0
136,ckan_diputados:3325,GENERAL,unica_sin_marca,True,ckan_diputados,49,3,16.333333333333332
137,ckan_diputados:337,OTRA,conjunto,False,ckan_diputados,12,2,6.0
138,decada_votada:sen:1494,OTRA,interno,False,decada_votada,10,2,5.0
139,ckan_diputados:393,GENERAL,general,False,ckan_diputados,152,3,50.666666666666664
140,argentinadatos:diputados:240,GENERAL,unica_sin_marca,True,argentinadatos,183,8,22.875
141,decada_votada:dip:658,GENERAL,general,False,decada_votada,550,8,68.75
142,argentinadatos:diputados:5745,MOCION,procedimiento,False,argentinadatos,175,21,8.333333333333334
143,argentinadatos:senado:2530,MOCION,procedimiento,False,argentinadatos,175,21,8.333333333333334
144,senado:141,PARTICULAR,particular,False,senado,180,13,13.846153846153847
145,argentinadatos:senado:2731,OTRA,conjunto,False,argentinadatos,43,3,14.333333333333334
146,argentinadatos:diputados:1949,GENERAL,general_y_particular,False,argentinadatos,82,2,41.0
147,decada_votada:dip:7,MOCION,procedimiento,False,decada_votada,139,17,8.176470588235293
148,decada_votada:sen:1924,GENERAL,unica_sin_marca,True,decada_votada,223,10,22.3
149,decada_votada:sen:1062,OTRA,resolucion_declaracion,False,decada_votada,14,2,7.0
150,senado:207,PARTICULAR,particular,False,senado,180,13,13.846153846153847
151,argentinadatos:diputados:5737,OTRA,insistencia,False,argentinadatos,19,3,6.333333333333333
152,senado:1329,GENERAL,senado_votacion_unica,True,senado,332,20,16.6
153,argentinadatos:diputados:3002,OTRA,juicio_desafuero,False,argentinadatos,4,1,4.0
154,senado:2425,GENERAL,senado_votacion_unica,True,senado,332,20,16.6
155,decada_votada:sen:1707,PARTICULAR,particular,False,decada_votada,867,23,37.69565217391305
156,argentinadatos:diputados:2014,MOCION,procedimiento,False,argentinadatos,175,21,8.333333333333334
157,ckan_diputados:3779,MOCION,procedimiento,False,ckan_diputados,108,14,7.714285714285714
158,senado:2401,GENERAL,senado_votacion_unica,True,senado,332,20,16.6
159,ckan_diputados:2187,PARTICULAR,particular,False,ckan_diputados,313,9,34.77777777777778
160,senado:1306,OTRA,acuerdo_pliego,False,senado,49,4,12.25
161,decada_votada:sen:1290,MOCION,procedimiento,False,decada_votada,139,17,8.176470588235293
162,senado:102,OTRA,conjunto,False,senado,102,5,20.4
163,senado:1177,GENERAL,senado_votacion_unica,True,senado,332,20,16.6
164,decada_votada:sen:1045,PARTICULAR,particular,False,decada_votada,867,23,37.69565217391305
165,decada_votada:sen:1003,MOCION,procedimiento,False,decada_votada,139,17,8.176470588235293
166,argentinadatos:senado:2565,OTRA,decreto,False,argentinadatos,11,2,5.5
167,senado:432,PARTICULAR,senado_particular_tras_general,True,senado,11,8,1.375
168,decada_votada:dip:696,GENERAL,general,False,decada_votada,550,8,68.75
169,senado:430,OTRA,conjunto,False,senado,102,5,20.4
170,argentinadatos:diputados:2996,PARTICULAR,particular,False,argentinadatos,432,12,36.0
171,decada_votada:sen:43,PARTICULAR,particular,False,decada_votada,867,23,37.69565217391305
172,argentinadatos:diputados:3476,MOCION,procedimiento,False,argentinadatos,175,21,8.333333333333334
173,ckan_diputados:3726,MOCION,procedimiento,False,ckan_diputados,108,14,7.714285714285714
174,decada_votada:dip:97,PARTICULAR,particular,False,decada_votada,867,23,37.69565217391305
175,decada_votada:sen:31,PARTICULAR,particular,False,decada_votada,867,23,37.69565217391305
176,decada_votada:dip:828,MOCION,procedimiento,False,decada_votada,139,17,8.176470588235293
177,manual_2026:diputados:acuerdo_ue_mercosur,GENERAL,unica_sin_marca,True,manual_2026,17,2,8.5
178,ckan_diputados:321,PARTICULAR,particular,False,ckan_diputados,313,9,34.77777777777778
179,decada_votada:dip:600,GENERAL,general,False,decada_votada,550,8,68.75
180,ckan_diputados:3054,PARTICULAR,particular,False,ckan_diputados,313,9,34.77777777777778
181,argentinadatos:diputados:5970,MOCION,procedimiento,False,argentinadatos,175,21,8.333333333333334
182,senado:8,GENERAL,senado_votacion_unica,True,senado,332,20,16.6
183,senado:54,PARTICULAR,senado_particular_tras_general,True,senado,11,8,1.375
184,decada_votada:dip:738,MOCION,procedimiento,False,decada_votada,139,17,8.176470588235293
185,decada_votada:dip:123,GENERAL,general,False,decada_votada,550,8,68.75
186,decada_votada:sen:1019,GENERAL,unica_sin_marca,True,decada_votada,223,10,22.3
187,argentinadatos:diputados:4813,MOCION,procedimiento,False,argentinadatos,175,21,8.333333333333334
188,decada_votada:sen:1753,GENERAL,unica_sin_marca,True,decada_votada,223,10,22.3
189,decada_votada:sen:440,MOCION,procedimiento,False,decada_votada,139,17,8.176470588235293
190,decada_votada:dip:1122,GENERAL,general_y_particular,False,decada_votada,1126,11,102.36363636363636
191,ckan_diputados:3768,MOCION,procedimiento,False,ckan_diputados,108,14,7.714285714285714
192,argentinadatos:senado:2804,GENERAL,unica_sin_marca,True,argentinadatos,183,8,22.875
193,ckan_diputados:3123,GENERAL,general,False,ckan_diputados,152,3,50.666666666666664
194,ckan_diputados:3774,MOCION,procedimiento,False,ckan_diputados,108,14,7.714285714285714
195,decada_votada:dip:47,OTRA,juicio_desafuero,False,decada_votada,20,4,5.0
196,manual_2026:diputados:ley_inocencia_fiscal,GENERAL,unica_sin_marca,True,manual_2026,17,2,8.5
197,argentinadatos:senado:2581,MOCION,procedimiento,False,argentinadatos,175,21,8.333333333333334
198,senado:1273,OTRA,acuerdo_pliego,False,senado,49,4,12.25
199,decada_votada:sen:1898,GENERAL,unica_sin_marca,True,decada_votada,223,10,22.3
200,decada_votada:sen:83,GENERAL,general_y_particular,False,decada_votada,1126,11,102.36363636363636
201,ckan_diputados:3776,MOCION,procedimiento,False,ckan_diputados,108,14,7.714285714285714
202,decada_votada:sen:1525,GENERAL,general_y_particular,False,decada_votada,1126,11,102.36363636363636
203,senado:1323,GENERAL,senado_votacion_unica,True,senado,332,20,16.6
204,senado:1257,GENERAL,senado_votacion_unica,True,senado,332,20,16.6
205,decada_votada:sen:642,OTRA,decreto,False,decada_votada,44,3,14.666666666666666
206,argentinadatos:senado:2485,GENERAL,unica_sin_marca,True,argentinadatos,183,8,22.875
207,decada_votada:sen:886,OTRA,conjunto,False,decada_votada,5,1,5.0
208,decada_votada:dip:248,MOCION,procedimiento,False,decada_votada,139,17,8.176470588235293
209,ckan_diputados:117,OTRA,decreto,False,ckan_diputados,2,1,2.0
210,senado:413,GENERAL,senado_tag_general,False,senado,30,4,7.5
211,argentinadatos:diputados:2525,GENERAL,general,False,argentinadatos,110,3,36.666666666666664
212,senado:345,PARTICULAR,senado_particular_tras_general,True,senado,11,8,1.375
213,senado:1017,GENERAL,senado_tag_general,False,senado,30,4,7.5
214,senado:465,PARTICULAR,particular,False,senado,180,13,13.846153846153847
215,decada_votada:sen:371,PARTICULAR,particular,False,decada_votada,867,23,37.69565217391305
216,decada_votada:dip:84,OTRA,juicio_desafuero,False,decada_votada,20,4,5.0
217,decada_votada:sen:1817,MOCION,procedimiento,False,decada_votada,139,17,8.176470588235293
218,ckan_diputados:283,OTRA,resolucion_declaracion,False,ckan_diputados,1,1,1.0
219,decada_votada:dip:564,OTRA,interno,False,decada_votada,10,2,5.0
220,argentinadatos:senado:2757,OTRA,conjunto,False,argentinadatos,43,3,14.333333333333334
221,decada_votada:dip:44,OTRA,juicio_desafuero,False,decada_votada,20,4,5.0
222,ckan_diputados:173,GENERAL,general_y_particular,False,ckan_diputados,356,4,89.0
223,senado:752,PARTICULAR,senado_particular_tras_general,True,senado,11,8,1.375
224,decada_votada:dip:847,OTRA,resolucion_declaracion,False,decada_votada,14,2,7.0
225,decada_votada:dip:91,MOCION,procedimiento,False,decada_votada,139,17,8.176470588235293
226,decada_votada:dip:675,MOCION,procedimiento,False,decada_votada,139,17,8.176470588235293
227,decada_votada:sen:809,GENERAL,general_y_particular,False,decada_votada,1126,11,102.36363636363636
228,decada_votada:dip:968,OTRA,insistencia,False,decada_votada,29,3,9.666666666666666
229,argentinadatos:diputados:5265,PARTICULAR,particular,False,argentinadatos,432,12,36.0
230,argentinadatos:senado:2563,GENERAL,unica_sin_marca,True,argentinadatos,183,8,22.875
231,argentinadatos:diputados:5196,PARTICULAR,particular,False,argentinadatos,432,12,36.0
232,argentinadatos:diputados:2569,GENERAL,general,False,argentinadatos,110,3,36.666666666666664
233,argentinadatos:senado:2582,OTRA,insistencia,False,argentinadatos,19,3,6.333333333333333
234,argentinadatos:senado:2725,OTRA,conjunto,False,argentinadatos,43,3,14.333333333333334
235,senado:260,OTRA,sin_titulo,False,senado,5,4,1.25
236,argentinadatos:diputados:3377,GENERAL,general_y_particular,False,argentinadatos,82,2,41.0
237,argentinadatos:senado:2595,MOCION,procedimiento,False,argentinadatos,175,21,8.333333333333334
238,argentinadatos:diputados:2620,PARTICULAR,particular,False,argentinadatos,432,12,36.0
239,senado:1248,OTRA,acuerdo_pliego,False,senado,49,4,12.25
240,senado:174,PARTICULAR,particular,False,senado,180,13,13.846153846153847
241,senado:2378,OTRA,resolucion_declaracion,False,senado,8,1,8.0
242,senado:109,GENERAL,senado_tag_general,False,senado,30,4,7.5
243,argentinadatos:senado:2639,PARTICULAR,particular,False,argentinadatos,432,12,36.0
244,decada_votada:sen:604,PARTICULAR,particular,False,decada_votada,867,23,37.69565217391305
245,decada_votada:dip:683,OTRA,decreto,False,decada_votada,44,3,14.666666666666666
246,decada_votada:sen:1473,GENERAL,general_y_particular,False,decada_votada,1126,11,102.36363636363636
247,ckan_diputados:474,MOCION,procedimiento,False,ckan_diputados,108,14,7.714285714285714
248,decada_votada:sen:778,PARTICULAR,particular,False,decada_votada,867,23,37.69565217391305
249,ckan_diputados:3801,GENERAL,general_y_particular,False,ckan_diputados,356,4,89.0
250,decada_votada:dip:941,GENERAL,general,False,decada_votada,550,8,68.75
251,argentinadatos:diputados:2809,MOCION,procedimiento,False,argentinadatos,175,21,8.333333333333334
252,ckan_diputados:205,PARTICULAR,particular,False,ckan_diputados,313,9,34.77777777777778
253,decada_votada:dip:906,PARTICULAR,particular,False,decada_votada,867,23,37.69565217391305
254,ckan_diputados:471,OTRA,interno,False,ckan_diputados,3,1,3.0
255,senado:1309,GENERAL,senado_votacion_unica,True,senado,332,20,16.6
256,decada_votada:sen:195,GENERAL,general_y_particular,False,decada_votada,1126,11,102.36363636363636
257,ckan_diputados:1849,GENERAL,general,False,ckan_diputados,152,3,50.666666666666664
258,decada_votada:sen:399,GENERAL,unica_sin_marca,True,decada_votada,223,10,22.3
259,decada_votada:dip:506,GENERAL,general,False,decada_votada,550,8,68.75
260,argentinadatos:diputados:2594,PARTICULAR,particular,False,argentinadatos,432,12,36.0
