fila,acta_id,camara,fecha,fuente,titulo_tapado,expediente
1,senado:283,senado,2017-11-29,senado,"Temas Varios Expedientes ( S-3971/17-CO , PE-391/17-PL , PE-390/17-PL [EN PARTICULAR]",S-3971/17-CO
2,decada_votada:sen:1873,senado,2013-09-12,decada_votada,"Dictamen en el proyecto de ley de la señora senadora Morandini por el que se establece la difusión de la línea telefónica gratuita con alcance nacional “144”, para la atención de consultas de violencia de género (S–1848/13).",
3,ckan_diputados:3693,diputados,2017-11-23,ckan_diputados,Expediente 294-S-2016 - Orden del Día 2028. Artículo 1.,294-S-2016
4,decada_votada:dip:902,diputados,2008-09-03,decada_votada,"Pedido de Preferencia de tratamiento sobre tablas del Expediente 4744-D-08, solicitado por el Diputado MORAN. Expediente 4744-D-08. De Resolución. Pedido de Informes al Poder Ejecutivo sobre diversas cuestiones relacionadas con la implementación de trenes de alta velocidad - TAVE - en varios tramos.",4744-D-08
5,senado:195,senado,2016-12-21,senado,"Temas Varios Expedientes ( PE-295/16-AC , PE-296/16-AC , PE-314/16-AC , PE-212/16-AC , PE-313/16-AC [EN PARTICULAR]",PE-295/16-AC
6,senado:463,senado,2015-07-01,senado,"MENSAJE Nº 1165/15 Y PROYECTO DE LEY ESTABLECIENDO QUE LAS ASIGNACIONES FAMILIARES PREVISTAS EN LA LEY 24.714, SUS NORMAS COMPLEMENTARIAS Y S/M, CON EXCEPCION DE LA ESTABLECIDA EN EL INCISO E) DEL ART. 6º DE LA MISMA, SERAN MOVILES. O.D. 346/2015 , Art. 1 , Art. 4 [EN PARTICULAR]",
7,decada_votada:sen:1338,senado,2009-10-21,decada_votada,Dictamen de la Comisión Bicameral de Seguimiento de Facultades Delegadas al PEN - ley 25561- en el Expediente 417 -OV - 09 : UNIREN remite propuesta de renegociación contractual de la empresa Licenciataria del servicio de distribución de gas natural Gas Nea S.A. S - 2963/09. Votacion en general y en particular . Observaciones : Dictamen de Mayoria. Proyecto de Resolución,
8,argentinadatos:senado:2788,senado,2009-10-22,argentinadatos,"COMISION BICAMERAL DE SEGUIMIENTO DE FACULTADES DELEGADAS AL PEN - LEY 25561 : COMUNICA DICTAMENES DE MAYORIA Y MINORIA , SOBRE LA PROPUESTA DE RENEGOCIACION CONTRACTUAL DE LA EMPRESA LICENCIATARIA DEL SERVICIO DE DISTRIBUCION DE GAS NATURAL (GAS NEA S.A.) . S-2963/09-CO",
9,argentinadatos:senado:2651,senado,2026-02-24,argentinadatos,Ratificación de secretarios y prosecretarios.,
10,decada_votada:sen:1784,senado,2012-11-28,decada_votada,"Dictamen en el proyecto de ley en revisión declarando Capital Nacional del Turismo Aventura a la Localidad de San Carlos de Bariloche, Provincia de Río Negro -. Orden del Día 1279 - (CD - 39/12), Votación en general y en particular - Artículo 148 Reglamento Cámara de Senadores : reconsideración",
11,argentinadatos:diputados:5121,diputados,2024-02-06,argentinadatos,"O.D. 1 - BASES Y PUNTOS DE PARTIDA PARA LA LIBERTAD DE LOS ARGENTINOS. TÍTULO II, CAP. I ART. 6.",
12,senado:1285,senado,2021-05-13,senado,"Validez de DNUs sobre la prevención y contención de la pandemia de Covid-19. ( O.D. 59/2021 , O.D. 58/2021 , O.D. 110/2021 [EN PARTICULAR]",
13,senado:2373,senado,2022-09-01,senado,"Acuerdos para designaciones en el Poder Judicial y el Ministerio Público de la Defensa. Acuerdo para designar embajador extraordinario y plenipotenciario a Daniel Scioli. ( PE-184/21-AC , PE-153/21-AC , PE-154/21-AC , PE-155/21-AC , PE-156/21-AC , PE-157/21-AC , PE-158/21-AC , PE-159/21-AC , PE-160/21-AC , PE-161/21-AC , PE-163/21-AC , PE-164/21-AC , PE-165/21-AC , PE-166/21-AC , PE-168/21-AC , PE-170/21-AC , PE-176/21-AC , PE-177/21-AC , PE-178/21-AC , PE-180/21-AC , PE-181/21-AC , PE-182/21-AC , PE-183/21-AC , PE-185/21-AC , PE-186/21-AC , PE-188/21-AC , PE-189/21-AC , PE-191/21-AC , PE-192/21-AC , PE-11/22-AC , PE-12/22-AC , PE-13/22-AC , PE-14/22-AC , PE-15/22-AC , PE-16/22-AC , PE-19/22-AC , PE-18/22-AC , PE-103/22-AC , O.D. 218/2022 , O.D. 220/2022 , O.D. 221/2022 , O.D. 222/2022 , O.D. 223/2022 , O.D. 224/2022 , O.D. 225/2022 , O.D. 226/2022 , O.D. 227/2022 , O.D. 228/2022 , O.D. 230/2022 , O.D. 231/2022 , O.D. 232/2022 , O.D. 233/2022 , O.D. 234/2022 , O.D. 236/2022 , O.D. 241/2022 , O.D. 242/2022 , O.D. 243/2022 , O.D. 244/2022 , O.D. 245/2022 , O.D. 246/2022 , O.D. 247/2022 , O.D. 248/2022 , O.D. 249/2022 , O.D. 251/2022 , O.D. 252/2022 , O.D. 254/2022 , O.D. 255/2022 , O.D. 256/2022 , O.D. 257/2022 , O.D. 258/2022 , O.D. 259/2022 , O.D. 260/2022 , O.D. 261/2022 , O.D. 262/2022 , O.D. 267/2022 , O.D. 270/2022 [EN PARTICULAR]",PE-184/21-AC
14,decada_votada:sen:11,senado,2004-02-24,decada_votada,Dictamen en el proyecto de ley de Ordenamiento Laboral y derogando la ley 25250 - Reforma Laboral. PE-608/03. Votacion en particular Artículo 10º,
15,argentinadatos:diputados:91,diputados,2014-10-23,argentinadatos,"Universidad Nacional de Rafaela, con sede central en Rafaela, provincia de Santa Fé.",
16,ckan_diputados:240,diputados,2013-05-29,ckan_diputados,Expediente 01-PE-13 - Orden del Día 1989 - Votación.-,01-PE-13
17,argentinadatos:diputados:5569,diputados,2025-02-06,argentinadatos,"MOCIÓN SOLICITADA POR LA DIP. GIUDICI, SILVANA.",
18,senado:28,senado,2016-06-29,senado,"PROYECTO DE LEY EN REVISION CREANDO EL PROGRAMA NACIONAL DE REPARACION HISTORICA A LOS JUBILADOS Y EL REGIMEN DE SINCERAMIENTO FISCAL. O.D. 382/2016 , Art. 24 , Art. 25 , Art. 26 [EN PARTICULAR]",
19,decada_votada:sen:714,senado,2006-05-31,decada_votada,Dictamen en el proyecto de ley en revision sobre Seguridad Aeroportuaria CD - 22/06. Votacion en particular Título II - Capítulo II - Artículos 18º a 20º,
20,decada_votada:sen:1103,senado,2008-06-25,decada_votada,Dictamen en el proyecto de ley por el cual se renueva la autorización de salida del territorio nacional de medios y personal de las fuerzas armadas para que continúen participando en la Misión de Estabilización de las Naciones Unidas en Haití (Minustah) PE - 98/08. Votacion en general y en particular,
21,senado:1337,senado,2021-10-28,senado,"S-2150/21-PL , O.D. 454/2021 [EN PARTICULAR]",S-2150/21-PL
22,decada_votada:dip:909,diputados,2008-10-16,decada_votada,Expediente 11-JGM-2008Orden del Día 1005. Presupuesto General de la Administración Nacional para el ejercicio Fiscal correspondiente al año 2009. Artículo 8,11-JGM-2008
23,decada_votada:dip:253,diputados,2005-12-14,decada_votada,Exp. 6694-D-05 - Eximición de Tributos a la importación de gasoil y venta en el Mercado Interno - Moción requiriendo su habilitación para su tratamiento en la sesión,6694-D-05
24,decada_votada:dip:345,diputados,2006-03-29,decada_votada,Moción del Diputado Chironi solicitando el tratamiento sobre Tablas del Exp. 1123-OV-05 - OD 105 - Aprobación del Acuerdo alcanzado entre el Poder Ejecutivo Nacional y la concesionaria Caminos del Valle S.A.,1123-OV-05
25,decada_votada:sen:1976,senado,2014-07-02,decada_votada,Proyecto de Ley instituyendo el Día Nacional por una Argentina sin Chagas (CD-128/2012 - PL-S-76/2013),
26,argentinadatos:diputados:302,diputados,2012-11-22,argentinadatos,"Incorporación al ordenamiento jurídico nacional el código aduanero del Mercosur, que aprobó el Consejo del Mercado Común mediante decisión nro. 27 del 02 de Agosto de 2010.",
27,senado:332,senado,2018-04-25,senado,URTUBEY Y GUASTAVINO: PROYECTO DE LEY QUE MODIFICA EL CODIGO PROCESAL PENAL DE LA NACION - LEY 27.063 - O.D. 35/2018,
28,senado:171,senado,2016-11-30,senado,"Temas Varios Expedientes ( S-4245/15-PL , S-4279/15-PL , Art. 7º [EN PARTICULAR]",S-4245/15-PL
29,ckan_diputados:3816,diputados,2018-07-04,ckan_diputados,"Apartamiento del reglamento propuesto por la diputada SILEY, Vanesa para tratar el Expediente 3996-D-2018.",3996-D-2018
30,decada_votada:sen:1836,senado,2013-05-08,decada_votada,Dictamen en el proyecto de ley venido en revisión acerca del carácter público de las declaraciones juradas patrimoniales integrales de los funcionarios públicos (CD-4/13).,
31,senado:513,senado,2015-10-07,senado,"PROCURADORA GENERAL DE LA NACION: SOLICITA DESIGNAR AL VOCAL TITULAR Y SUPLENTE EN REPRESENTACION DE ESTE H.CUERPO, QUE HABRA DE INTEGRAR EL TRIBUNAL DE ENJUICIAMIENTO DEL MINISTERIO PUBLICO FISCAL. O.D. 705/2015 [EN PARTICULAR]",
32,argentinadatos:senado:2632,senado,2026-02-12,argentinadatos,"Modernización Laboral. Título IX. PE-159/25-PL , O.D. 699/2025",
33,ckan_diputados:3142,diputados,2016-12-22,ckan_diputados,"Moción de Apartamiento del Reglamento solicitada por el Diputado RECALDE, Héctor Pedro.",
34,senado:255,senado,2017-09-07,senado,AUSENTE OTRA […] […] […] […],
35,decada_votada:sen:1679,senado,2012-03-14,decada_votada,"Proyecto de ley declarando Fiesta Nacional a la fiesta de S-177/11 la actividad física con sede en Cipolletti a realizarse el - primer fin de semana de marzo de cada año, proyecto de ley transfiriendo a título gratuito a la provincia de Salta el dominio de diversos inmuebleS-S-61/12 propiedad del Estado Nacional, ubicados en los Blancos, Departamento Rivadavia, para la construcción del Colegio Polimodal Rural, Votación en general y en particular -",
36,ckan_diputados:3866,diputados,2019-04-04,ckan_diputados,Tratamiento - Expedientes sobre temas varios,
37,senado:189,senado,2016-11-30,senado,Alteración del Plan de Labor [EN PARTICULAR],
38,senado:110,senado,2016-11-02,senado,"PROYECTO DE LEY EN REVISION BRINDANDO A LAS FUERZAS POLICIALES Y DE SEGURIDAD, AL MINISTERIO PUBLICO FISCAL Y AL PODER JUDICIAL HERRAMIENTAS RESPECTO DE LOS DELITOS DE INVESTIGACION COMPLEJA Y REGULANDO LAS FIGURAS DEL ARREPENTIDO, AGENTE ENCUBIERTO, AGENTE REVELADOR, INFORMANTE Y ENTREGA VIGILADA. O.D. 843/2016 [EN PARTICULAR]",
39,senado:1292,senado,2021-05-20,senado,Habilitación de tratamiento sobre tablas del Orden del Día 151/21. [EN PARTICULAR],
40,senado:1276,senado,2021-03-25,senado,"Tratado de extradición con la República Checa. Enmienda al protocolo de Montevideo sobre el Comercio de Servicios del Mercosur. ( O.D. 23/2021 , O.D. 22/2021 [EN PARTICULAR]",
41,senado:2402,senado,2022-11-16,senado,"Prórroga de impuestos. CD-17/22-PL , O.D. 386/2022 [EN PARTICULAR]",CD-17/22-PL
42,decada_votada:sen:1526,senado,2010-11-24,decada_votada,Proyecto de ley por el cual se sustituye el Artículo 37 ° de la ley 24156 de Administración Financiera y de los Sistemas de Control del Sector Público Nacional PE - 177/09 habilitación del tratamiento sobre tablas,
43,senado:73,senado,2016-09-07,senado,"PROYECTO DE LEY EN REVISION MODIFICANDO EL CODIGO PROCESAL PENAL DE LA NACION REGULANDO UN PROCEDIMIENTO ESPECIAL PARA LOS DELITOS COMETIDOS EN FLAGRANCIA. O.D. 606/2016 , Art. 2° [EN PARTICULAR]",
44,decada_votada:dip:73,diputados,2003-03-12,decada_votada,"Exp. 0055-PE-02 - Exención o tratamiento como bienes no computables en el Impuesto a la Ganancia mínima presunta, ley 25.063 y sus modificatorias, que por convenios o regímenes para mejorar la competitividad y la generación de empleo están previstos en varios decretos. Insistencia de la H. Cámara en su sanción original de los Artículos 1º, 2º, 3º y 5º",0055-PE-02
45,senado:1220,senado,2020-10-08,senado,"Formación Integral en Ambiente, con perspectiva de desarrollo sostenible y cambio climático para las personas que se desempeñen en la función pública. O.D. 273/2020 [EN PARTICULAR]",
46,ckan_diputados:3858,diputados,2018-12-18,ckan_diputados,Expediente 7-PE-2018 - O.D. 984. Artículo 5.,7-PE-2018
47,decada_votada:sen:1542,senado,2010-12-15,decada_votada,Dictámenes en diversos Mensajes del Poder Ejecutivo solicitando acuerdos para designar Vocales de la Cámara Nacional de Apelaciones del Trabajo en Diversas Salas PE - 157/10 PE-158/10 PE-159/10 PE-160/10 PE - 161/10 PE - 162/10 PE-163/10 PE-164/10 PE-165/10 PE - 167/10 habilitación del tratamiento sobre tablas,
48,decada_votada:dip:48,diputados,2002-10-11,decada_votada,"Exp. 7835-D-00 - OD 400 - Juicio Político al señor Ministro de la Corte Suprema de la Nación, doctor Adolfo Roberto Vázquez",7835-D-00
49,decada_votada:dip:144,diputados,2004-08-05,decada_votada,Exp. 0057-S-04 - OD 764- Régimen Federal de Responsabilidad Fiscal - Capítulo 2º - Artículo 11º,0057-S-04
50,ckan_diputados:150,diputados,2014-12-16,ckan_diputados,Expediente 7928-D-13 (y otros) - Orden del Día 1546 - Artículo 7.,7928-D-13
51,decada_votada:sen:545,senado,2005-09-07,decada_votada,Dictamen en el proyecto de ley en revision sobre Educación Técnico Profesional Orden del Dia 998 y Anexos (CD-45/05). Votacion en particular Titulo II (Artículos 6º a 8º),
52,senado:13,senado,2016-06-08,senado,- PROYECTO DE LEY EN REVISION ESTABLECIENDO UN REGIMEN DE REINTEGRO DE UNA PROPORCION DEL IMPUESTO AL VALOR AGREGADO POR COMPRAS EN COMERCIO DE VENTA MINORISTA. O.D. 270/2016 [EN PARTICULAR],
53,senado:1327,senado,2021-10-06,senado,Prórroga de Sesiones en carácter virtual o remoto. Realización de Sesiones en carácter presencial en la Sala de Sesiones. [EN PARTICULAR],
54,senado:344,senado,2018-04-25,senado,URTUBEY Y GUASTAVINO: PROYECTO DE LEY QUE MODIFICA EL CODIGO PROCESAL PENAL DE LA NACION - LEY 27.063 - O.D. 35/2018 [EN PARTICULAR],
55,senado:247,senado,2017-09-07,senado,AUSENTE OTRA […] […] […] […],
56,argentinadatos:senado:2798,senado,2026-08-07,argentinadatos,"Inviolabilidad de la Propiedad Privada. PE-13/26-PL , O.D. 104/2026",
57,decada_votada:sen:506,senado,2005-06-22,decada_votada,Proyecto de Resolución disponiendo la suspensión del Dr. Antonio Boggiano en el ejercicio de sus funciones y otras cuestiones. Votacion en particular Articulo 3º,
58,senado:444,senado,2015-07-01,senado,[…] HABILITACIÓN TRAT SOBRE TABLAS […] […] […] […],
59,ckan_diputados:3330,diputados,2017-06-28,ckan_diputados,"Apartamiento del Reglamento solicitado por la Diputada GAILLARD, Ana Carolina para tratar el Expediente 2681-D-17.",2681-D-17
60,decada_votada:sen:1824,senado,2013-04-24,decada_votada,"Dictamen en los Proyectos de ley, el venido en revisión, y el de varios señores senadores, por los que se garantiza el acceso integral a los procedimientos y técnicas médico-asistenciales de reproducción médicamente asistida. Se aconseja aprobar el proyecto de ley venido en revisión (CD-28/12 y S–16, 1026, 1070, 1316, 1442, 1529/11; 1104, 1436 y 2201/12).",
61,senado:191,senado,2016-11-30,senado,[…] OTRA […] […] […] […],
62,argentinadatos:senado:2559,senado,2025-07-10,argentinadatos,Insistencia ante el veto presidencial al proyecto que declara zona de emergencia y en situación de catástrofe a la provincia de Buenos Aires. PE-50/25-DC,
63,decada_votada:sen:666,senado,2006-02-15,decada_votada,Dictamen en el proyecto de ley creando un programa destinado a promover el desarrollo de la biotecnología moderna en la República Argentina. PE - 429/05. Votacion en particular Capítulo IV - Artículo 9º,
64,decada_votada:sen:1866,senado,2013-09-04,decada_votada,"Dictamen en el mensaje y proyecto de ley del Poder Ejecutivo, por el que se lo autoriza a realizar todos aquellos actos para la conclusión del proceso de reestructuración de los títulos públicos en estado de diferimiento de pago en el mediano y largo plazo (PE–112/13).",
65,ckan_diputados:2184,diputados,2016-06-16,ckan_diputados,Expediente 15-PE-16 - Orden del Día 186 - Artículo 37,15-PE-16
66,senado:185,senado,2016-11-30,senado,"Temas Varios Expedientes ( S-4245/15-PL , S-4279/15-PL , Art. 20º (Ex Art18 Dic >) [EN PARTICULAR]",S-4245/15-PL
67,decada_votada:sen:1887,senado,2013-11-13,decada_votada,"Dictamen en el mensaje del Poder Ejecutivo solicitando acuerdo para designar como Juez de Cámara en el Tribunal Oral en lo Criminal Federal de Santa Fe, provincia de Santa Fe al Dr. Luciano Homero LAURÍA",
68,argentinadatos:diputados:2790,diputados,2005-09-07,argentinadatos,"Moción de apartamiento del reglamento.para ingresar el expediente 0105 - S - 05 ** Orden del Día 2851 ** por el cual se autoriza la entrada de tropas extranjeras al territorio nacional y la salida fuera de él de fuerzas nacionales, para que participen de los ejercicios que se realicen desde el 01/09/05 hasta el 31/08/06.",
69,decada_votada:dip:672,diputados,2007-03-28,decada_votada,"Expediente 2213-D-06 , Expediente 252-S-06, Expediente 1746-D-06, Expediente 231-S-06. Votación en General.",2213-D-06
70,senado:196,senado,2016-12-21,senado,PROYECTO DE LEY EN REVISION MODIFICANDO LOS IMPUESTOS A LA RENTA DE PERSONAS FISICAS (GANANCIAS Y MONOTRIBUTO) Y MEDIDAS FISCALES PARA DOTAR DE MAYOR EQUIDAD AL SISTEMA TRIBUTARIO ARGENTINO CD-105/16-PL [EN GENERAL],CD-105/16-PL
71,senado:79,senado,2016-09-07,senado,"PROYECTO DE LEY EN REVISION GARANTIZANDO EL DERECHO DE ACCESO A LA INFORMACION PUBLICA. O.D. 604/2016 , Art. 20° al 23° [EN PARTICULAR]",
72,decada_votada:dip:491,diputados,2006-11-08,decada_votada,"Moción del Diputado ROSSI, solicitando la Reserva del Diploma del Diputado Electo Carlos Anauate y giro del Exp. 6356-D-06 a las Comisiones de Peticiones, Poderes y Reglamento y de Asuntos Constitucionales.",6356-D-06
73,senado:66,senado,2016-08-10,senado,"Temas Varios O.D. ( O.D. 411/2016 , O.D. 431/2016",
74,senado:1256,senado,2020-12-04,senado,"Modificación de la Ley de Manejo del Fuego, sobre el lapso mínimo de años que garanticen la recuperación y restauración de las superficies incendiadas. CD-50/20-PL , O.D. 621/2020 [EN PARTICULAR]",CD-50/20-PL
75,decada_votada:sen:496,senado,2005-06-15,decada_votada,"Dictamen en el Mensaje Nº 427/05 solicitando acuerdo para designar Juez de Cámara en el Tribunal Oral en lo Criminal Federal de Formosa, Pcia. de Formosa, al Dr. Alfredo Francisco Garcia Wenk PE- 105/05 Proyecto de Resolución",
76,argentinadatos:diputados:2812,diputados,2005-03-16,argentinadatos,"Pedido de tratamiento sobre Tablas - Expediente 729-D-05.Proyecto de declaración - Expresión de repudio por persecuciones de los trabajadores de la empresa ""Zanon"".",
77,argentinadatos:diputados:3483,diputados,1997-05-14,argentinadatos,"Moción de los Diputados Parajón y Dumón, solicitando la vuelta a Comisión del Exp. 0050-PE-96 - OD 1462 - Creación del Fondo Fiduciario Federal de Infraestructura Regional y Privatización del Banco Hipotecario Nacional (Desarrollo Regional y Generación de Empleo)",
78,senado:1249,senado,2020-11-30,senado,"Día de la Mujer Aeronáutica. Día de las Futbolistas Argentinas. Día Nacional de las Mujeres y las Diversidades en el ámbito marítimo. Declaración de Heroína Nacional a Juana Azurduy. Declaración de Monumentos Históricos Nacionales en Santa Cruz y Córdoba. Declaración del 2021 como Homenaje al Centenario de los Fusilamientos de la Patagonia Rebelde. Transferencia de inmuebles del Estado Nacional. ( O.D. 528/2020 , O.D. 527/2020 , O.D. 526/2020 , O.D. 497/2020 , O.D. 492/2020 , O.D. 191/2020 , O.D. 190/2020 , O.D. 77/2020 , O.D. 73/2020 , O.D. 69/2020 , O.D. 617/2020 , O.D. 618/2020 , O.D. 619/2020 [EN PARTICULAR]",
79,decada_votada:sen:1822,senado,2013-04-24,decada_votada,"Dictamen en los Proyectos de ley, el venido en revisión, y el de varios señores senadores, por los que se garantiza el acceso integral a los procedimientos y técnicas médico-asistenciales de reproducción médicamente asistida. Se aconseja aprobar el proyecto de ley venido en revisión (CD-28/12 y S–16, 1026, 1070, 1316, 1442, 1529/11; 1104, 1436 y 2201/12).",
80,decada_votada:sen:297,senado,2004-11-17,decada_votada,"Dictamen en el proyecto de ley creando un Juzgado Federal de Primera Instancia en Concordia, Entre Rios. S-1591/04 y Ov-239/04. Votacion en general y en particular",
81,senado:1182,senado,2020-06-04,senado,Educación a distancia. Ley de alquileres.,
82,decada_votada:sen:1885,senado,2013-10-09,decada_votada,Dictamen en el proyecto de ley venido en revisión por el que se prorroga hasta el 31 de diciembre de 2015 el impuesto sobre los créditos y débitos en cuentas bancarias y otras operatorias; el régimen simplificado para pequeños contribuyentes; el impuesto adicional sobre el precio final de venta de los cigarrillos y la contribución especial sobre el capital de las cooperativas (CD–58/13).,
83,ckan_diputados:3915,diputados,2019-11-20,ckan_diputados,"Apartamiento del reglamento solicitado por el diputado RICCARDO, Jose Luis",
84,decada_votada:sen:1237,senado,2008-12-17,decada_votada,"Dictamen en el proyecto de ley por el que se modifica el Código Civil respecto de la mayoría de edad, Orden del Día 525 (S - 995/08). Votacion en general y en particular",
85,argentinadatos:diputados:5595,diputados,2025-03-12,argentinadatos,MOCION DE RECONSIDERACION SOLICITADA POR EL DIP. CASTILLO.,
86,decada_votada:dip:872,diputados,2008-06-04,decada_votada,"Expediente 5864-D-06 - Orden del Día 172. De Ley. Código Penal de la Nación, sobre delitos informáticos. Aceptación de las modificaciones introducidas por el Honorable Senado.",5864-D-06
87,argentinadatos:diputados:3356,diputados,2001-05-03,argentinadatos,Modificación a la ley 23928 (Ley de convertibilidad).,
88,decada_votada:dip:951,diputados,2008-11-26,decada_votada,"Expediente 93-S-08 - Orden del Día 1232. De Ley. Ley 25.603, de rezagos aduaneros. Modificación. Votación en General.",93-S-08
89,ckan_diputados:284,diputados,2013-03-13,ckan_diputados,Expediente 2204-D-11 - Votación.,2204-D-11
90,ckan_diputados:17,diputados,2015-09-23,ckan_diputados,Expediente 101-S-14 - Votación en General y Particular.,101-S-14
91,senado:2413,senado,2023-04-13,senado,"Alcohol Cero para la Conducción de Vehículos. CD-36/22-PL , O.D. 650/2022 [EN PARTICULAR]",CD-36/22-PL
92,senado:95,senado,2016-09-21,senado,"MENSAJE N° 770/16 Y PROYECTO DE LEY CREANDO UN REGIMEN DE CONTRATACION PUBLICO - PRIVADA CELEBRADO ENTRE LA ADMINISTRACION PUBLICA NACIONAL, CENTRALIZADA Y DESCENTRALIZADA Y SUJETOS PRIVADOS. O.D. 640/2016 , Art. 27 , Art. 28 , Art. 29 [EN PARTICULAR]",
93,senado:1368,senado,2022-06-30,senado,"Respuesta Integral al VIH, hepatitis virales y otras infecciones de transmisión sexual y tuberculosis. CD-2/22-PL , O.D. 84/2022 [EN PARTICULAR]",CD-2/22-PL
94,argentinadatos:diputados:5172,diputados,2024-04-30,argentinadatos,O.D. 7 - LEY DE BASES Y PUNTOS DE PARTIDA PARA LA LIBERTAD DE LOS ARGENTINOS. TITULO VIII. CAPITULO III. ARTS. 169 AL 179.,
95,decada_votada:sen:408,senado,2005-03-02,decada_votada,"Dictamen en el proyecto de ley en revisión estableciendo la normativa para la organización y puesta en vigencia de los registros nacionales de sociedades por acciones, sociedades extranjeras y de asociaciones civiles. Orden del Dia 2028 (CD-89/04). Votacion en particular Artìculo 11º",
96,argentinadatos:senado:2643,senado,2026-02-12,argentinadatos,"Modernización Laboral. Título XX. PE-159/25-PL , O.D. 699/2025",
97,decada_votada:sen:783,senado,2006-09-27,decada_votada,"Dictamen en el proyecto de ley de Incentivo para la Adquisición y Construcción de Vivienda, Familiar y Permanente, Orden del Día 920 (PE- 190/06 y S - 1626/05). Votacion en general y en particular . Observaciones : con modificaciones Articulo 17º.",
98,senado:41,senado,2016-06-29,senado,"PROYECTO DE LEY EN REVISION CREANDO EL PROGRAMA NACIONAL DE REPARACION HISTORICA A LOS JUBILADOS Y EL REGIMEN DE SINCERAMIENTO FISCAL. O.D. 382/2016 , Art. 81 [EN PARTICULAR]",
99,argentinadatos:diputados:5234,diputados,2024-05-21,argentinadatos,"APARTAMIENTO DE REGLAMENTO SOLICITADO POR LA DIP. LOSPENNATO, SILVIA.",
100,decada_votada:sen:486,senado,2005-06-08,decada_votada,Dictamen en el proyecto de ley en revisión modificando la ley 11683 (T.O 1998 y S/M) de Procedimiento Tributario. Orden del Dia 387 (CD-9/05). Votacion en particular Articulo 1º: Xiv,
101,decada_votada:sen:354,senado,2004-12-16,decada_votada,"Proyecto de ley en revisión prorrogando hasta el 31 de Diciembre de 2005 diversos Impuestos (Ganancias, Cigarrillos, Creditos y Debitos Bancarios e IVA). CD-122/04. Votacion en particular Titulo II - Art. 2º",
102,ckan_diputados:3896,diputados,2019-05-15,ckan_diputados,Expediente 12-S-2019 - O.D. 1056,12-S-2019
103,argentinadatos:senado:2546,senado,2025-05-07,argentinadatos,Habilitación del tratamiento sobre tablas del proyecto para la interpelación al Ministro de Defensa.,
104,decada_votada:sen:1889,senado,2013-11-13,decada_votada,Dictamen en el proyecto de ley venido en revisión por el que se establece un régimen reparatorio para ex presos políticos de la República Argentina (CD–196/12).,
105,senado:2399,senado,2022-11-16,senado,Designación de senadores y senadoras para integrar el Consejo de la Magistratura [EN PARTICULAR],
106,decada_votada:dip:1002,diputados,2009-09-17,decada_votada,Expediente 22-PE-09 y otros - Orden del Día 2005. Proyecto de Ley sobre Regulación de los Servicios de Comunicación Audiovisual en todo el ámbito del territorio de la República Argentina. Artículo Nº124.,22-PE-09
107,argentinadatos:senado:2767,senado,2026-06-04,argentinadatos,Acuerdo para designar a la Juez del Tribunal Federal de Juicio de Santa Fe a Emilio Rosatti. O.D. 90/2026,
108,argentinadatos:diputados:5481,diputados,2024-11-27,argentinadatos,"APARTAMIENTO DE REGLAMENTO SOLICITADO POR EL DIP. VILCA, ALEJANDRO.",
109,argentinadatos:senado:2801,senado,2026-08-27,argentinadatos,"Acuerdo para designaciones en el Poder Judicial y el Ministerio Público Fiscal ( O.D. 243/2026 , O.D. 244/2026 , O.D. 245/2026 , O.D. 246/2026 , O.D. 247/2026 , O.D. 248/2026 , O.D. 249/2026 , O.D. 250/2026 , O.D. 251/2026 , O.D. 252/2026 , O.D. 253/2026 , O.D. 254/2026 , O.D. 258/2026 , O.D. 259/2026 , O.D. 260/2026 , O.D. 261/2026 , O.D. 262/2026 , O.D. 263/2026 , O.D. 264/2026 , O.D. 265/2026 , O.D. 266/2026 , O.D. 267/2026 , O.D. 268/2026 , O.D. 269/2026 , O.D. 270/2026 , O.D. 279/2026 , O.D. 280/2026 , O.D. 281/2026 , O.D. 282/2026 , O.D. 283/2026 , O.D. 284/2026 , O.D. 285/2026 , O.D. 286/2026 , O.D. 287/2026 , O.D. 288/2026 , O.D. 289/2026 , O.D. 290/2026 , O.D. 291/2026 , O.D. 293/2026 , O.D. 294/2026 , O.D. 295/2026 , O.D. 296/2026 , O.D. 297/2026 , O.D. 298/2026 , O.D. 299/2026 , O.D. 300/2026 , O.D. 301/2026 , O.D. 302/2026 , O.D. 303/2026 , O.D. 304/2026 , O.D. 305/2026 , O.D. 306/2026 , O.D. 307/2026 , O.D. 308/2026 , O.D. 309/2026 , O.D. 310/2026 , O.D. 311/2026 , O.D. 312/2026 , O.D. 313/2026 , O.D. 314/2026 , O.D. 315/2026 , O.D. 316/2026 , O.D. 317/2026 , O.D. 318/2026 , O.D. 319/2026 , O.D. 320/2026",
110,decada_votada:sen:1942,senado,2013-12-18,decada_votada,"Dictámenes en distintos mensajes del Poder Ejecutivo solicitando acuerdo para la designación de Embajadores Extraordinarios y Plenipotenciarios y Ministros Plenipotenciarios. Ordenes del Día 935, 936 y 937/13",
111,decada_votada:sen:310,senado,2004-11-24,decada_votada,"Dictamen en el proyecto de ley en revisión sobre Presupuesto de Gastos y Recursos de la Administracion Nacional para el Año 2005, Orden del Día 1541 (CD-85/04). Votacion en particular Titulo I - Capítulo VIII (Arts.45º a 57º)",
112,argentinadatos:diputados:5258,diputados,2024-06-04,argentinadatos,"APARTAMIENTO DE REGLAMENTO SOLICITADO POR EL DIP. DEL CAÑO, NICOLAS.",
113,senado:1255,senado,2020-12-04,senado,"Programa Nacional de Turismo Seguro. S-1199/20-PL , O.D. 628/2020 [EN PARTICULAR]",S-1199/20-PL
114,argentinadatos:senado:2689,senado,2026-05-14,argentinadatos,"Reconocimiento a la labor del Equipo Argentino de Antropología Forense, al Instituto de Medicina Forense del Poder Judicial de Córdoba y al Equipo de Geología de la Universidad Nacional de Río Cuarto. S-725/26-PD",
115,argentinadatos:diputados:2813,diputados,2005-03-16,argentinadatos,"Pedido de tratamiento sobre Tablas - Expediente 287-D-05. Creación en el ámbito de la H. Cámara de Diputados, de una comisión especial investigadora de los ilícitos vinculados al contrabando de estupefacientes, en relación a los hechos ocurridos en el aeropuerto de Ezeiza.",
116,decada_votada:sen:1742,senado,2012-10-03,decada_votada,"Dictamen en el Mensaje del Poder Ejecutivo solicitando acuerdo para designar Juez del Juzgado Nacional de Primera Instancia en Lo Criminal y Correccional Federal N° 7 de la - Capital Federal al Dr . Sebastián Norberto Casanello -. Orden del Día 1022 - (PE - 87/12), Votación en general y en particular -",
117,senado:56,senado,2016-08-10,senado,"MENSAJE N° 553/16 Y PROYECTO DE LEY DE UNIFICACION DE LOS FUEROS DE LA JUSTICIA NACIONAL EN LO CRIMINAL DE INSTRUCCION DE LA CAPITAL FEDERAL, Y A LA IMPLEMENTACION DEL JUICIO UNIPERSONAL PARA DETERMINADOS SUPUESTOS. O.D. 414/2016 [EN PARTICULAR]",
118,argentinadatos:senado:2797,senado,2026-08-07,argentinadatos,"Inviolabilidad de la Propiedad Privada. PE-13/26-PL , O.D. 104/2026",
119,ckan_diputados:88,diputados,2014-10-22,ckan_diputados,Expediente 5-PE-14 - Orden del Día 834 - Votación en General y Particular.,5-PE-14
120,argentinadatos:diputados:2582,diputados,2006-08-17,argentinadatos,Exp. 86-S-05 - Orden del Día 754 - Artículo 1.. Proyecto de Ley en Revisión sobre leyes de carácter secreto o reservado. Revocación de dicho carácter. Dictamen de Mayoría.,
121,argentinadatos:diputados:5331,diputados,2024-08-21,argentinadatos,"APARTAMIENTO DE REGLAMENTO SOLICITADO POR LA DIP. LOSPENNATO, SILVIA.",
122,ckan_diputados:3777,diputados,2018-04-25,ckan_diputados,"Moción de Orden solicitada por el Diputado NEGRI, Mario Raúl.",
123,decada_votada:sen:405,senado,2005-03-02,decada_votada,"Dictamen en el proyecto de ley en revisión estableciendo la normativa para la organización y puesta en vigencia de los registros nacionales de sociedades por acciones, sociedades extranjeras y de asociaciones civiles. Orden del Dia 2028 (CD-89/04). Votacion en particular Artìculo 4º",
124,argentinadatos:diputados:5657,diputados,2025-06-05,argentinadatos,O.D. 790 - INCREMENTO EXCEPCIONAL Y DE EMERGENCIA PARA LAS JUBILACIONES Y PENS. ABONADAS POR LA ANSES. DICT. DE MAYORÍA. ART. 1.,
125,ckan_diputados:3783,diputados,2018-04-25,ckan_diputados,Habilitar el Tratamiento del Expediente 350-D-2018. Votación.,350-D-2018
126,argentinadatos:diputados:72,diputados,2014-11-13,argentinadatos,Indemnización a favor de ex agentes de Yacimientos Petrolíferos Fiscales S.A. que no hayan sido incluídos en el programa de propiedad participada.,
127,senado:11,senado,2016-05-18,senado,"COBOS Y OTROS: PROYECTO DE LEY DE SISTEMA DE AHORRO PARA EL FOMENTO DE LA INVERSION EN VIVIENDAS ""CASA DE AHORRO"". O.D. 31/2016 [EN PARTICULAR]",
128,ckan_diputados:3784,diputados,2018-04-25,ckan_diputados,Habilitar el Tratamiento del Expediente 256-D-2018. Votación.,256-D-2018
129,ckan_diputados:3788,diputados,2018-04-25,ckan_diputados,Habilitar el Tratamiento del Expediente 1388-D-2018. Votación.,1388-D-2018
130,argentinadatos:diputados:2578,diputados,2006-08-16,argentinadatos,"Exp. 71-S-05 - Orden del Día 716 - Votación en General. Convención Interamericana sobre asistencia mutua en materia penal, adoptada en Nassau, Bahamas, el 23 de Mayo de 1992. Aprobación.",
131,ckan_diputados:3055,diputados,2016-10-20,ckan_diputados,Expediente 18-PE-16 - Orden del Día 691 - Artículo 37.,18-PE-16
132,decada_votada:dip:925,diputados,2008-11-07,decada_votada,Expediente 27-PE-08 - Orden del Día 1167. Proyecto de ley por el cual se dispone la modificación del Sistema Integrado de Jubilaciones y Pensiones en un único régimen previsional público que se denominará Sistema Integrado Previsional Argentino -SIPA-. Artículo 8.,27-PE-08
133,senado:149,senado,2016-11-30,senado,"PROYECTO DE LEY EN REVISION DE PRESUPUESTO DE LA ADMINISTRACION PUBLICA NACIONAL PARA EL EJERCICIO 2017. O.D. 1224/2016 , Art. 28º a 31º [EN PARTICULAR]",
134,argentinadatos:diputados:2810,diputados,2005-03-16,argentinadatos,"Pedido de tratamiento sobre Tablas - Expediente 15-D-05.De resolución - Creación en el ámbito de la H. Cámara de la Comisión Especial Investigadora para que proceda de inmediato al análisis del comportamiento de todos los funcionarios públicos intervinientes en el tramite de control de los envíos de equipajes al exterior realizados por la empresa ""Southern Winds""",
135,senado:83,senado,2016-09-07,senado,[…] EN GENERAL Y EN PARTICULAR […] […] […] […],
136,ckan_diputados:3325,diputados,2017-06-21,ckan_diputados,Modificaciones introducidas por el Honorable Senado de la Nación a los expedientes 1879-D-2016 y 7464-D-2016.,1879-D-2016
137,ckan_diputados:337,diputados,2012-10-11,ckan_diputados,Proyectos de Ley sin Disidencias ni Observaciones,
138,decada_votada:sen:1494,senado,2010-09-08,decada_votada,"Dictamen en los proyectos de ley por los que se modifica la ley 20744 -De Contrato de Trabajo -respecto de la licencia por enfermedad, Orden del Día 740 (S - 448/10 y S - 1011/10). Votacion en general y en particular",
139,ckan_diputados:393,diputados,2011-11-30,ckan_diputados,Exp. 7243-D-10 (y otros) - Orden del Día 2913 - Votación en General.,7243-D-10
140,argentinadatos:diputados:240,diputados,2013-05-30,argentinadatos,Proyecto de Ley por el cual se regula el ingreso democrático e igualitario del personal al Poder Judicial de la Nación y al Ministerio Público de la Nación mediante el procedimiento de concurso público.,
141,decada_votada:dip:658,diputados,2007-03-15,decada_votada,Expediente 1174-D-06 - Orden del Día 2009. Presupuestos mínimos para la evaluación del impacto ambiental de obras y actividades. Establecimiento. Dictamen de Comisión. Votación en General.,1174-D-06
142,argentinadatos:diputados:5745,diputados,2025-08-21,argentinadatos,HABILITACIÓN DEL TRATAMIENTO EXPTE. 22-S-2025.,
143,argentinadatos:senado:2530,senado,2025-02-20,argentinadatos,Habilitación del tratamiento sobre tablas del proyecto de conmemoración del aniversario de la Batalla de Salta.,
144,senado:141,senado,2016-11-30,senado,"PROYECTO DE LEY EN REVISION DE PRESUPUESTO DE LA ADMINISTRACION PUBLICA NACIONAL PARA EL EJERCICIO 2017. O.D. 1224/2016 , Art. 13º y 14º [EN PARTICULAR]",
145,argentinadatos:senado:2731,senado,2009-11-19,argentinadatos,"Temas Varios O.D. S-1241/09-PL , O.D. 574/2009",
146,argentinadatos:diputados:1949,diputados,2009-11-12,argentinadatos,"Exp. 2551-D-08 - O.D.2201 - Universidad Nacional Arturo Jauretche. Creación en Florencio Varela, provincia de Buenos Aires Votación en General y Particular",
147,decada_votada:dip:7,diputados,2001-07-21,decada_votada,Exp. 0023-PE-01 - Modificación a la Ley de Impuesto al Valor Agregado texto Ordenado 1997 y sus Modificatorias. Régimen de Equilibrio Fiscal (Déficit Cero) - Moción del Diputado Dumón para ingresar un nuevo artículo,0023-PE-01
148,decada_votada:sen:1924,senado,2013-11-13,decada_votada,"Proyecto de ley en revisión declarando lugar histórico nacional al pozo de petróleo nº 1, ubicado en la ciudad de Plaza Huincul, provincia de Neuquén (CD–185/12)",
149,decada_votada:sen:1062,senado,2008-03-26,decada_votada,"Proyecto de Resolución Convocando al Señor Ministro de Economía y Producción de acuerdo al Art. 71 de la Constitución Nacional, a Fin de Informar sobre las Retenciones Agropecuarias S - 466/08",
150,senado:207,senado,2017-03-29,senado,"PROYECTO DE LEY EN REVISION SOBRE APOYO AL CAPITAL EMPRENDEDOR. O.D. 30/2017 , Art. 9 , Art. 10 [EN PARTICULAR]",
151,argentinadatos:diputados:5737,diputados,2025-08-20,argentinadatos,INSISTENCIA PROYECTO DE LEY 27.791.,
152,senado:1329,senado,2021-10-06,senado,Rechazo de la cuenta de inversión del año 2016. O.D. 402/2021 [EN PARTICULAR],
153,argentinadatos:diputados:3002,diputados,2004-12-17,argentinadatos,Pedido de Juicio Político al Dr. Antonio BOGGIANO. Expediente 289-D-04 Orden del día 1755 -,
154,senado:2425,senado,2023-09-28,senado,"Creación del programa Conectar Igualdad y del programa de Respaldo a Estudiantes (Progresar). ( O.D. 374/2022 , O.D. 103/2023 [EN PARTICULAR]",
155,decada_votada:sen:1707,senado,2012-07-04,decada_votada,"Dictamen en los proyectos de ley creando el Programa Nacional de Cuidados Paliativos-S-2331/11, S-808/12 y S-811/12, Votación en particular - Artículo 3, inciso 5 punto e, sobre tablas, con modificaciones . -",
156,argentinadatos:diputados:2014,diputados,2009-05-20,argentinadatos,"Apartamiento del Reglamento sol. Dip. LOZANO, Claudio Raúl.",
157,ckan_diputados:3779,diputados,2018-04-25,ckan_diputados,Habilitar el Tratamiento del Expediente 1766-D-2018. Votación.,1766-D-2018
158,senado:2401,senado,2022-11-16,senado,"Presupuesto General para el año 2023. ( CD-25/22-PL , CD-26/22-CD , O.D. 504/2022 [EN PARTICULAR]",CD-25/22-PL
159,ckan_diputados:2187,diputados,2016-06-16,ckan_diputados,Expediente 15-PE-16 - Orden del Día 186 - Artículo 55 bis,15-PE-16
160,senado:1306,senado,2021-07-15,senado,"Acuerdo para la designar embajadora extraordinaria y plenipotenciaria a la Dra. Marcela Miriam LOSARDO y embajador extraordinario y plenipotenciario al Lic. Guillermo Emilio NIELSEN ( O.D. 338/2021 , O.D. 339/2021 [EN PARTICULAR]",
161,decada_votada:sen:1290,senado,2009-04-15,decada_votada,"Dictamen en varios proyectos de ley y de Comunicación declarando la Emergencia Sanitaria en Varias Provincias, ante el Riesgo Epidemiológico que Produce el Insecto denominado Aedes Aegypti. S - 251/09, S - 744/09, S - 862/09, S - 55 5/08, S - 87/09 y S - 181/09 Moción de Postergación del Tratamiento",
162,senado:102,senado,2016-10-19,senado,"Temas Varios Expedientes ( PE-16/16-PL , PE-184/16-PL , CD-63/16-PL , S-4089/16-PD , S-4092/16-PD , S-4093/16-PC , S-4097/16-PD , S-4110/16-PD , S-4122/16-PC , S-4125/16-PD , S-4127/16-PD , S-4128/16-PC , S-4130/16-PD , S-4133/16-PD [EN PARTICULAR]",PE-16/16-PL
163,senado:1177,senado,2020-03-12,senado,Modificación de jubilaciones especiales. O.D. 1/2020 [EN PARTICULAR],
164,decada_votada:sen:1045,senado,2007-12-26,decada_votada,Proyecto de ley estableciendo la Hora oficial PE - 599/07. Votacion en particular Artículo 5º - 2 Do Párrafo,
165,decada_votada:sen:1003,senado,2007-12-05,decada_votada,"Proyecto de ley en revision prorrogando hasta el 31 de Diciembre de 2008 la vigencia de la ley Nº 26204 de Emergencia Pública, Declarada a Través de la ley Nº 25561. CD - 160/07 habilitación del tratamiento sobre tablas",
166,argentinadatos:senado:2565,senado,2025-08-21,argentinadatos,"Rechazo del decreto de facultades delegadas Nº 462/25 del Poder Ejecutivo Nacional, en los términos de la ley 26.122. PE-95/25-DC",
167,senado:432,senado,2015-04-15,senado,"PROYECTO DE LEY EN REVISION DECLARANDO DE INTERES PUBLICO NACIONAL Y COMO OBJETIVO PRIORITARIO DE LA REPUBLICA ARGENTINA, LA POLITICA DE REACTIVACION DE LOS FERROCARRILES DE PASAJEROS Y DE CARGAS, LA RENOVACION Y EL MEJORAMIENTO DE LA INFRAESTRUCTURA FERROVIARIA E INCORPORACION DE TECNOLOGIAS Y SERV O.D. 52/2015 [EN PARTICULAR]",
168,decada_votada:dip:696,diputados,2007-05-09,decada_votada,"Expediente 150-S-06 - Orden del Día 1976. Ley 25.015 de transferencia de terrenos del dominio del Estado Nacional (Ferrocarril Urquiza) a la municipalidad de Concordia, provincia de Entre Ríos. Modificación. Votación en general.",150-S-06
169,senado:430,senado,2015-05-27,senado,"Temas Varios O.D. ( O.D. 65/2015 , O.D. 128/2015 , O.D. 129/2015 , O.D. 15/2015 , O.D. 126/2015 , O.D. 926/2015 , O.D. 166/2015 , O.D. 171/2015 , O.D. 249/2015 , O.D. 165/2015 , O.D. 169/2015 , O.D. 250/2015 , O.D. 127/2015 [EN PARTICULAR]",
170,argentinadatos:diputados:2996,diputados,2004-12-16,argentinadatos,"Expediente 56-PE-03 Orden del día 1878 - Artículos 10 y 11.De ley. Establecimiento de un impuesto con afectación especifica al desarrollo de proyectos de infraestructura y/o a la eliminación o reducción de los peajes existentes, aplicable hasta el 31 de Diciembre de 2010 y otras cuestiones conexas.",
171,decada_votada:sen:43,senado,2004-04-01,decada_votada,Proyecto de ley en revisión declarando la Intervencion a la Provincia de Santiago del Estero y otras cuestiones conexas. CD-1/04. Votacion en particular Artículo 4º,
172,argentinadatos:diputados:3476,diputados,1997-03-19,argentinadatos,Moción del Diputado Zuccardi de reconsideración de la moción de la Diputada Sánchez que solicitó el Tratamiento sobre Tabla del Exp. 0533-D-97 - Declaración de Emergencia Salarial Docente,
173,ckan_diputados:3726,diputados,2017-12-19,ckan_diputados,"Solicitud de vuelta a Comisión solicitada por la Diputada CAMAÑO, Graciela. Votación.-",
174,decada_votada:dip:97,diputados,2003-11-13,decada_votada,Exp. 0007-JGM-03 - Presupuesto General de la Administración Nacional para el ejercicio 2004 - Artículo 12º,0007-JGM-03
175,decada_votada:sen:31,senado,2004-02-24,decada_votada,Dictamen en el proyecto de ley de Ordenamiento Laboral y derogando la ley 25250 - Reforma Laboral. PE-608/03. Votacion en particular Artículos 36º al 45º,
176,decada_votada:dip:828,diputados,2007-12-26,decada_votada,"Moción del Diputado ROSSI Agustín Oscar, solicitando el Tratamiento sobre Tablas del Expediente 82-S-07. Reordenamiento de la Actividad Ferroviaria.",82-S-07
177,manual_2026:diputados:acuerdo_ue_mercosur,diputados,,manual_2026,Acuerdo UE - Mercosur,
178,ckan_diputados:321,diputados,2012-11-14,ckan_diputados,Expediente 398-D-12 y otros - Orden del Día 1251 - Artículo 1.,398-D-12
179,decada_votada:dip:600,diputados,2006-12-06,decada_votada,"Expediente 1678-D-05 - Orden del Día 1805. De Ley. Inmueble propiedad del Estado Nacional ubicado en la Localidad de Trenel, Provincia de La Pampa. Transferencia del mismo a la Municipalidad de Trenel. En general.",1678-D-05
180,ckan_diputados:3054,diputados,2016-10-20,ckan_diputados,Expediente 18-PE-16 - Orden del Día 691 - Artículo 36.,18-PE-16
181,argentinadatos:diputados:5970,diputados,2026-08-26,argentinadatos,"APARTAMIENTO DE REGLAMENTO SOLICITADO POR EL DIP. MASSOT, NICOLÁS.",
182,senado:8,senado,2016-04-27,senado,"FELLNER Y OTROS: PROYECTO DE LEY DECLARANDO ZONAS DE DESASTRE Y EMERGENCIA ECONOMICA Y SOCIAL POR EL PLAZO DE 180 DIAS, A DIVERSAS LOCALIDADES DE LA PCIA. DE JUJUY, AFECTADAS POR INTENSAS LLUVIAS. S-4228/15-PL [EN PARTICULAR]",S-4228/15-PL
183,senado:54,senado,2016-08-10,senado,MENSAJE N° 554/16 Y PROYECTO DE LEY DE FORTALECIMIENTO DE LOS TRIBUNALES ORALES EN LO CRIMINAL FEDERAL Y DE LOS TRIBUNALES ORALES EN LO PENAL ECONOMICO. O.D. 412/2016 [EN PARTICULAR],
184,decada_votada:dip:738,diputados,2007-08-08,decada_votada,"Pedido de tratamiento sobre tablas del Dip GIUBERGIA, Miguel del Expediente 3837-D-07. De Resolución. Pedido de informes al Poder Ejecutivo sobre el ciudadano venezolano que intentó introducir U$U 800.000 de contrabando a la República Argentina.",3837-D-07
185,decada_votada:dip:123,diputados,2004-04-08,decada_votada,Exp. 5745-D-03 - Modificación de la ley 24660 sobre ejecución de la pena privativa de la libertad. Vot. en General,5745-D-03
186,decada_votada:sen:1019,senado,2007-12-12,decada_votada,Dictamenes de la Comisión Parlamentaria Mixta Revisora de Cuentas : Orden del Día 407 Orden del Día 418 Orden del Día 636 Orden del Día OD 408 Orden del Día 419 Orden del Día 637 Orden del Día OD 409 Orden del Día 618 Orden del Día 638 Orden del Día OD 410 Orden del Día 619 Orden del Día 639 Orden del Día OD 411 Orden del Día 620 Orden del Día 640 Orden del Día OD 412 Orden del Día 621 Orden del Día 641 Orden del Día OD 413 Orden del Día 631 Orden del Día 642 Orden del Día OD 414 Orden del Día 632 Orden del Día 643 Od,
187,argentinadatos:diputados:4813,diputados,2023-07-05,argentinadatos,APARTAMIENTO DE REGLAMENTO SOLICITADO POR EL DIP. LOMBARDI.,
188,decada_votada:sen:1753,senado,2012-11-14,decada_votada,"S - 55/12 instancia con asiento en la ciudad de venado tuerto, - santa fe - Proyecto de Ley en Revisión Creando Un Juzgado Federal - CD - 66/12 de Primera Instancia con Asiento en la Ciudad de Pehuajó, - Pcia . de Buenos Aires-proyecto de ley en revisión modificando la ley 26212, CD - 98/12 competencia e integración del juzgado federal de primera - instancia con asiento en la ciudad de oberá, misiones -",
189,decada_votada:sen:440,senado,2005-04-20,decada_votada,"Dictamen de la Comisión Bicameral de Seguimiento de las Facultades Delegadas al Poder Ejecutivo Nacional -Ley 25561-, en el Expediente : Unidad de Renegociacion y Analisis de Contratos de Servicios Publicos : remite las Propuestas de Renegociacion Contractual de la empresa Distribuidora la Plata S.A. (Edelap S.A.) en cumplimiento del Articulo 4º de la ley 25790. 155- 0 V - 05 habilitación del tratamiento sobre tablas . Observaciones : Dictamen en Mayoría",
190,decada_votada:dip:1122,diputados,2010-08-11,decada_votada,"Expediente 237-S-09 - Orden del Día 559. Votación en General y Particular. Acuerdo de cooperación en materia de soberanía y seguridad alimentaria entre la República Argentina y la República Bolivariana de Venezuela, suscripto en Caracas el 06 de Marzo de 2008. Aprobación.",237-S-09
191,ckan_diputados:3768,diputados,2018-03-22,ckan_diputados,"Solicitud de Tratamiento sobre Tablas solicitado por el Diputado NEGRI, Mario Raúl.",
192,argentinadatos:senado:2804,senado,2026-08-27,argentinadatos,"Declaración como Fiesta Nacional al Festival del Membrillo, Departamento Ambato, provincia de Catamarca.Declaración de Fiesta Nacional del Mate y la Amistad, a realizarse en Virasoro, provincia de Corrientes.Declaración a Bernabé Araóz como Héroe Nacional. ( O.D. 136/2026 , O.D. 139/2026 , O.D. 275/2026",
193,ckan_diputados:3123,diputados,2016-11-23,ckan_diputados,Expediente 3805-D-2016 y otro Orden del Día 924 - Votación en General.,3805-D-2016
194,ckan_diputados:3774,diputados,2018-04-25,ckan_diputados,Habilitar el Tratamiento del Expediente 1714-D-2018. Votación.,1714-D-2018
195,decada_votada:dip:47,diputados,2002-10-11,decada_votada,"Exp. 7835-D-00 - OD 401 - Juicio Político al señor Ministro de la Corte Suprema de la Nación, doctor Antonio Boggiano",7835-D-00
196,manual_2026:diputados:ley_inocencia_fiscal,diputados,,manual_2026,Ley Inocencia Fiscal,
197,argentinadatos:senado:2581,senado,2025-09-18,argentinadatos,Habilitación del tratamiento sobre tablas de la insistencia en la ley 27.794 de distribución automática del Fondo de los Aportes del Tesoro Nacional. PE-120/25-DC,
198,senado:1273,senado,2021-02-04,senado,"Acuerdos para designaciones en el Poder Judicial. ( O.D. 720/2020 , O.D. 721/2020 , O.D. 722/2020 , O.D. 723/2020 , O.D. 724/2020 , O.D. 725/2020 , O.D. 726/2020 , O.D. 727/2020 , O.D. 728/2020 , O.D. 729/2020 , O.D. 730/2020 , O.D. 731/2020 , O.D. 732/2020 , O.D. 733/2020 , O.D. 734/2020 [EN PARTICULAR]",
199,decada_votada:sen:1898,senado,2013-11-13,decada_votada,Dictamen en el mensaje y proyecto de ley del Poder Ejecutivo por el que […] el acuerdo con la República Bolivariana de Venezuela en Materia de Becas de Estudio (PE–108/13).,
200,decada_votada:sen:83,senado,2004-05-12,decada_votada,Orden del Dia 92. Votacion en general y en particular,
201,ckan_diputados:3776,diputados,2018-04-25,ckan_diputados,Habilitar el Tratamiento del Expediente 6298-D-2017. Votación.,6298-D-2017
202,decada_votada:sen:1525,senado,2010-11-03,decada_votada,"Dictamen en los proyectos de ley y en el venido en revisión modificando los Artículos 7 ° y 22 ° de la ley 25284 - Régimen Especial de Administración de Entidades Deportivas con Dificultades Económicas respecto a la administración del fideicomiso con control judicial y su duración S - 1824/10, S - 3340/10 y CD - 108/09. Votacion en general y en particular. Observaciones : sobre tablas. Art. 81 CN",
203,senado:1323,senado,2021-08-19,senado,Presupuestos mínimos de protección ambiental para la gestión integral de Neumáticos Fuera de Uso (NFU). O.D. 349/2021 [EN PARTICULAR],
204,senado:1257,senado,2020-12-04,senado,"Aporte Solidario y Extraordinario para ayudar a morigerar los efectos de la pandemia. CD-49/20-PL , O.D. 622/2020 [EN PARTICULAR]",CD-49/20-PL
205,decada_votada:sen:642,senado,2005-12-14,decada_votada,Comisión Bicameral de Seguimiento de las Facultades Delegadas al Poder Ejecutivo Nacional ley 25561en el Expediente 868 - 0 V -05 : UNIREN remite propuesta de renegociación contractual de la empresa de Transporte de Energía por Distribución Troncal del Noroeste Argentino S.A. 868-OV - 05 (S - 3968/05). Votacion en general y en particular,
206,argentinadatos:senado:2485,senado,2024-08-22,argentinadatos,"Designación de cónsules, vicecónsules y embajadores extraordinarios y plenipotenciarios. O.D. 76/2024",
207,decada_votada:sen:886,senado,2007-04-25,decada_votada,"Dictámenes de la Comisión de acuerdos en los siguientes Mensajes : PE - 732/06 PE - 736/06, Orden del Día 116 y Anexo, Orden del Día 120 y Anexo PE - 733/06 PE - 737/06, Orden del Día 117 y Anexo, Orden del Día 121 y Anexo PE - 734/06 PE - 738/06, Orden del Día 118 y Anexo, Orden del Día 122 y Anexo PE - 735/06 PE - 739/06, Orden del Día 119 y Anexo, Orden del Día 124 y Anexo",
208,decada_votada:dip:248,diputados,2005-12-14,decada_votada,Exp. 0061-PE-05 - Solicitud de Autorización del Señor Presidente de la Nación para ausentarse del país durante el año 2006 - Moción requiriendo su habilitación para su tratamiento en la sesión,0061-PE-05
209,ckan_diputados:117,diputados,2014-08-27,ckan_diputados,Votación de Declaraciones de Validez.,
210,senado:413,senado,2019-03-20,senado,Ley de Warrants. O.D. 1/2019 [EN GENERAL],
211,argentinadatos:diputados:2525,diputados,2006-11-01,argentinadatos,"Exp. 25-PE-06 - Orden del Día 1148 - Votación en General.Convenio de Tampere sobre el suministro de recursos de telecomunicaciones para la mitigación de catástrofes y las operaciones de socorro en casos de catástrofes, adoptado en Tampere - República de Finlandia - el 18 de Junio de 1998. Aprobación.",
212,senado:345,senado,2018-04-25,senado,URTUBEY Y GUASTAVINO: PROYECTO DE LEY QUE MODIFICA EL CODIGO PROCESAL PENAL DE LA NACION - LEY 27.063 - O.D. 35/2018 [EN PARTICULAR],
213,senado:1017,senado,2019-05-22,senado,Fondo Fiduciario de Asistencia Directa a Víctima de Trata. O.D. 135/2019 [EN GENERAL],
214,senado:465,senado,2015-07-01,senado,"MENSAJE Nº 1165/15 Y PROYECTO DE LEY ESTABLECIENDO QUE LAS ASIGNACIONES FAMILIARES PREVISTAS EN LA LEY 24.714, SUS NORMAS COMPLEMENTARIAS Y S/M, CON EXCEPCION DE LA ESTABLECIDA EN EL INCISO E) DEL ART. 6º DE LA MISMA, SERAN MOVILES. O.D. 346/2015 , Art. 5 [EN PARTICULAR]",
215,decada_votada:sen:371,senado,2004-12-16,decada_votada,"Proyecto de ley declarando Zona de Desastre y Emergencia Economica y Social a los departamentos de O'Higgins, 9 de Julio, San Lorenzo e Independencia en la Provincia del Chaco. S-4302/04. Votacion en particular Artículo 2º",
216,decada_votada:dip:84,diputados,2003-08-13,decada_votada,Exp. 2503-D-03 - Juicio Político al Juez de la Corte Suprema de Justicia de la Nación doctor Eduardo Moliné O' Connor,2503-D-03
217,decada_votada:sen:1817,senado,2013-04-17,decada_votada,Dictamen en el mensaje y proyecto de ley del Poder Ejecutivo por el que se modifica la ley de creación del Consejo de la Magistratura. (PE–5/13). Moción de vuelta a Comisión,
218,ckan_diputados:283,diputados,2013-03-13,ckan_diputados,Expediente 638-D-13. Proyecto de Resolución.,638-D-13
219,decada_votada:dip:564,diputados,2006-11-30,decada_votada,"Expediente 195-D-05 - 3058-D-05 y otros - Orden del Día 875. De Ley. Ley 20.744 de Contrato de Trabajo. Modificación. (licencia y protección a la maternidad, licencia por adopción, licencia por paternidad y vacaciones). En general.",195-D-05
220,argentinadatos:senado:2757,senado,2009-10-28,argentinadatos,"Temas Varios O.D. CD-56/09-PL , O.D. 513/2009",
221,decada_votada:dip:44,diputados,2002-10-11,decada_votada,"Exp. 7835-D-00 - OD 395 - Juicio Político al señor Ministro de la Corte Suprema de la Nación, doctor Julio Salvador Nazareno",7835-D-00
222,ckan_diputados:173,diputados,2015-02-25,ckan_diputados,Expediente 338-S-14 - Orden del Día 1752 - Votación en General y Particular.,338-S-14
223,senado:752,senado,2019-04-16,senado,Financiamiento de Partidos Políticos. O.D. 41/2019 [EN PARTICULAR],
224,decada_votada:dip:847,diputados,2008-03-27,decada_votada,Expediente 922-D-08. Proyecto de Resolución. Expresar apoyo a las políticas del gobierno iniciadas el 25 de Mayo de 2003 y profundizadas por la Presidenta de la Nación Cristina Fernandez de Kirchner y rechazar el lock out patronal y la medida de fuerza que vienen sosteniendo las entidades rurales desde el día 13 de Marzo de 2008.,922-D-08
225,decada_votada:dip:91,diputados,2003-10-01,decada_votada,"Inclusión de tratamiento sobre tablas del Exp. 0131-S-03 - Plazo para la renegociación de los contratos de Obras y Servicios Públicos según la Ley 25.561, de Emergencia Económica y de Reforma del Régimen Cambiario. Extensión del mismo hasta el 31/12/04",0131-S-03
226,decada_votada:dip:675,diputados,2007-04-11,decada_votada,"Solicitud Pedido de Preferencia con Despacho de Comisión del Expediente 1365-D-07. De Resolución. Pedido de informes verbales al Señor Ministro de Educación ante la H. Cámara, sobre la crisis en distintas Provincias del País y la incidencia que tiene sobre las mismas la Ley de Financiamiento Educativo.",1365-D-07
227,decada_votada:sen:809,senado,2006-11-01,decada_votada,"Dictamen en el proyecto de ley por el que se crea el Juzgado Federal de Primera Instancia Nº 2 en Resistencia, Chaco, Orden del Día 1021 (S - 1389/06). Votacion en general y en particular",
228,decada_votada:dip:968,diputados,2009-03-11,decada_votada,"Expediente 631-D-06 y otros. Regularización de tierras para vivienda -Ley 24.374- Modificación, sobre plazos e inscripción registral de inmuebles con destino principal de casa habitación única y permanente. Modificaciones introducidas por el Honorable Senado. Aceptación de las modificaciones introducidas por el Honorable Senado.",631-D-06
229,argentinadatos:diputados:5265,diputados,2024-06-05,argentinadatos,"O.D. 65 - LEY 24.241, DE SISTEMA INTEGRADO DE JUBILACIONES Y PENSIONES. MODIFICACION. DICTAMEN DE MINORIA 1. CAPITULO III. ART 11.",
230,argentinadatos:senado:2563,senado,2025-07-11,argentinadatos,Distribución automática del Fondo de los Aportes del Tesoro Nacional. S-1168/25-PL,
231,argentinadatos:diputados:5196,diputados,2024-04-30,argentinadatos,O.D. 8 - MEDIDAS FISCALES PALIATIVAS Y RELEVANTES. TITULO IV. ART. 74.,
232,argentinadatos:diputados:2569,diputados,2006-09-06,argentinadatos,"Exp. 271-S-04 - Orden del Día 796 - Votación en General. Ley 23.735, modificación por la que se amplía la competencia del Juzgado Federal Nro. 4 deMar del Plata, Provincia de Buenos Aires.",
233,argentinadatos:senado:2582,senado,2025-09-18,argentinadatos,Insistencia en la ley 27.794 de distribución automática del Fondo de los Aportes del Tesoro Nacional. PE-120/25-DC,
234,argentinadatos:senado:2725,senado,2009-11-19,argentinadatos,"Temas Varios O.D. CD-63/09-PL , O.D. 578/2009",
235,senado:260,senado,2017-09-07,senado,AUSENTE OTRA […] […] […] […],
236,argentinadatos:diputados:3377,diputados,2001-11-29,argentinadatos,"Suspensión de las ejecuciones de todas las sentencias y tramites procesales correspondientes a Concursos preventivos, quiebras, obligaciones bancarias, ejecución de garantías reales de hipoteca, de prenda y de desalojo - Vot. en General y Particular",
237,argentinadatos:senado:2595,senado,2025-10-02,argentinadatos,"Habilitación del tratamiento sobre tablas sobre la insistencia en la sanción del proyecto de ley registrado bajo el N° 27.796, que fuera vetado por el Poder Ejecutivo Nacional, que declara la Emergencia Sanitaria de la Salud Pediátrica y de las Residencias Nacionales en Salud. CD-19/25-CD",
238,argentinadatos:diputados:2620,diputados,2006-07-20,argentinadatos,"Exp.100-S-06- Orden del Día 567- Tít. III-Cap 4-Art. 16 a 27 Proyecto de Ley. Régimen legal de los Decretos de Necesidad y Urgencia, de Delegación Legislativa y de Promulgación Parcial de Leyes. Dictamen de Mayoría",
239,senado:1248,senado,2020-11-30,senado,"Ascensos de personal militar. Acuerdo para designación en el Poder Judicial. ( O.D. 534/2020 , O.D. 533/2020 , O.D. 532/2020 , O.D. 531/2020 , O.D. 530/2020 , O.D. 461/2020 [EN PARTICULAR]",
240,senado:174,senado,2016-11-30,senado,"Temas Varios Expedientes ( S-4245/15-PL , S-4279/15-PL , Art. 10º [EN PARTICULAR]",S-4245/15-PL
241,senado:2378,senado,2022-09-08,senado,"Repudio al intento de magnicidio contra Cristina Fernández de Kirchner. ( S-2234/22-PD , S-2209/22-PD , S-2254/22-PD , S-2269/22-PD [EN PARTICULAR]",S-2234/22-PD
242,senado:109,senado,2016-11-02,senado,"PROYECTO DE LEY EN REVISION BRINDANDO A LAS FUERZAS POLICIALES Y DE SEGURIDAD, AL MINISTERIO PUBLICO FISCAL Y AL PODER JUDICIAL HERRAMIENTAS RESPECTO DE LOS DELITOS DE INVESTIGACION COMPLEJA Y REGULANDO LAS FIGURAS DEL ARREPENTIDO, AGENTE ENCUBIERTO, AGENTE REVELADOR, INFORMANTE Y ENTREGA VIGILADA. O.D. 843/2016 [EN GENERAL]",
243,argentinadatos:senado:2639,senado,2026-02-12,argentinadatos,"Modernización Laboral. Título XVI. PE-159/25-PL , O.D. 699/2025",
244,decada_votada:sen:604,senado,2005-11-23,decada_votada,"Dictamen en los proyectos de ley por los cuales el Gobierno Nacional, los Gobiernos Provinciales y la Ciudad Autónoma de Buenos Aires, deberán aumentar la inversión en educación entre los años 2006 y 2010, hasta alcanzar en conjunto una participación del 6% del Producto Bruto Interno. Orden del Dia 1500 Ni (S-77/04, S-334/04, S-2479/04, S-3096/04, S-1531/05, S-2602/05 y PE-442/05). Votacion en particular Artículos 1º a 3º",
245,decada_votada:dip:683,diputados,2007-04-11,decada_votada,"Ordenes del Día de la Comisión Bicameral Permanente de Trámite Legislativo. Declaración de validez de los Decretos. Exp.6800-D-06 - Orden del Día 1542 - Decreto 681, Exp. 6801-D-06 - Orden del Día 1543 - Decreto 758, Exp. 6802-D-06 - Orden del Día 1544 - Decreto 760, Exp. 6803-D-06 - Orden del Día 1545 - Decreto 762, Exp. 6804-D-06 - Orden del Día 1546 - Decreto 913, Exp. 6805-D-06 - Orden del Día 1547 - Decreto 1022, Exp. 6806-D-06 - Orden del Día 1548 - Decretos 678, 764, 782, 828, 832, 940, 1085, 1095, 1098, 1126, 1171, 1223, 1322, 1386, 1388, 1409, 1444 y 1461 Correspondientes al año 2006.",6800-D-06
246,decada_votada:sen:1473,senado,2010-07-15,decada_votada,"Dictamen en el proyecto de ley en revision por el que se modifican diversos Artículos del Código Civil respecto a incluir el matrimonio de parejas conformadas por personas del mismo sexo, Orden del Día 600 y Anexo CD - 13/10. Votacion en general y en particular . Observaciones : Dictamen de Minoría, Conjunto con expedientes S - 1352/10, S - 2095/10, S -2118/10, S - 2160/10, y S - 2168/10.",
247,ckan_diputados:474,diputados,2012-11-14,ckan_diputados,Moción de Orden de la Dip. Liliana Parada.,
248,decada_votada:sen:778,senado,2006-09-13,decada_votada,"Dictamen en los proyectos de ley creando el Régimen de Fomento Nacional para el Uso de Fuentes Renovables de Energía Destinada a la Producción de Energía Eléctrica, Orden del Día 897 (NI) S - 1840/05 y S - 91/06. Votacion en particular Artículos 1º a 3º. 5º a 12º, 14º y 15º",
249,ckan_diputados:3801,diputados,2018-05-09,ckan_diputados,Expediente 16-S-2018 - Orden del Día 48 - Votación en General y Particular,16-S-2018
250,decada_votada:dip:941,diputados,2008-11-26,decada_votada,"Expediente 32-PE-08 - Orden del Día 1324. De Ley. Ley 26.204, prorrogada por la Ley 26.339, sobre Emergencia Económica. Prórroga de su vigencia hasta el 31 de Diciembre de 2009. Dictamen de Mayoría. Votación en General.",32-PE-08
251,argentinadatos:diputados:2809,diputados,2005-03-16,argentinadatos,"Pedido de tratamiento sobre Tablas Exp 581-D-05 y 8145-D-04.Pedido de Informes verbales al Jefe de Gabinete de Ministros sobre el contrabando de Estupefacientes en el aeropuerto Internacional de Ezeiza .Creación de una Comisión bicameral especial Investigadora del tráfico de drogas y/o estupefacientes ocurrido en el aeropuerto Internacional de Ezeiza, en el ámbito del Congreso de la Nación.",
252,ckan_diputados:205,diputados,2013-09-26,ckan_diputados,Expediente 8-PE-13 - Orden del Día 2463 - Artículo 1.,8-PE-13
253,decada_votada:dip:906,diputados,2008-09-04,decada_votada,Expediente 19-PE-08 - Artículo 15 - Dictamen de Mayoría. Proyecto de Ley por el cual se establece la Movilidad de las Prestaciones Previsionales del Sistema Integrado de Jubilaciones y Pensiones.,19-PE-08
254,ckan_diputados:471,diputados,2013-03-13,ckan_diputados,"Pedido de Licencia del Sr. Diputado SABBATELLA, Martín.-",
255,senado:1309,senado,2021-07-15,senado,Autorización de ingreso y egreso de tropas extranjeras para participar de ejercicios militares conjuntos. O.D. 215/2021 [EN PARTICULAR],
256,decada_votada:sen:195,senado,2004-08-25,decada_votada,"Dictamen en el proyecto de ley transfiriendo un inmueble a la Provincia del Chaco, Orden del Dia 808 (S-350/04). Votacion en general y en particular",
257,ckan_diputados:1849,diputados,2016-05-19,ckan_diputados,Expediente 07-S-16 - Orden del Día 109 - Votación en General.,07-S-16
258,decada_votada:sen:399,senado,2005-02-03,decada_votada,Mensaje N° 72/05 y Proyecto de ley por el que se regula el regimen al que quedaran sujetos los bonos emitidos por el Estado Nacional que no hubiesen sido canjeados segun lo establecido por el Decreto Nº 1735/04. PE-914/04,
259,decada_votada:dip:506,diputados,2006-11-08,decada_votada,"Exp. 4627-D-06 - Orden del Día 1223 - Modifica el Artículo 3º de la Ley 22.431 de Sistema de Protección de las Personas Discapacitadas, sobre otorgamiento de Certificado Nacional de Discapacidad. Deroga la Ley 25.504 - En General",4627-D-06
260,argentinadatos:diputados:2594,diputados,2006-08-09,argentinadatos,"Exp. 1203-D-06 - Orden del Día 651 - Artículos 1 al 9.Juzgado Federal de Primera Instancia con Asiento en la Ciudad de Oberá, Provincia de Misiones. Creación.",
